/*
Navicat MySQL Data Transfer

Source Server         : taka
Source Server Version : 50719
Source Host           : localhost:3306
Source Database       : tmalldb

Target Server Type    : MYSQL
Target Server Version : 50719
File Encoding         : 65001

Date: 2018-06-03 23:08:12
*/

SET FOREIGN_KEY_CHECKS=0;

-- ----------------------------
-- Table structure for buycartmodel
-- ----------------------------
DROP TABLE IF EXISTS `buycartmodel`;
CREATE TABLE `buycartmodel` (
  `id` int(11) NOT NULL AUTO_INCREMENT,
  `user_id` int(11) DEFAULT NULL,
  `production_id` int(11) DEFAULT NULL,
  `number` int(11) DEFAULT NULL,
  `total` decimal(65,2) DEFAULT NULL,
  PRIMARY KEY (`id`),
  KEY `pid` (`production_id`),
  KEY `uid` (`user_id`),
  CONSTRAINT `pid` FOREIGN KEY (`production_id`) REFERENCES `productionmodel` (`id`),
  CONSTRAINT `uid` FOREIGN KEY (`user_id`) REFERENCES `usermodel` (`id`)
) ENGINE=InnoDB AUTO_INCREMENT=38 DEFAULT CHARSET=utf8;

-- ----------------------------
-- Records of buycartmodel
-- ----------------------------
INSERT INTO `buycartmodel` VALUES ('37', '1', '1', '4', '19120.00');

-- ----------------------------
-- Table structure for clientmodel
-- ----------------------------
DROP TABLE IF EXISTS `clientmodel`;
CREATE TABLE `clientmodel` (
  `id` int(11) NOT NULL AUTO_INCREMENT,
  `user_id` int(11) DEFAULT NULL,
  `name` varchar(30) DEFAULT NULL COMMENT '姓名',
  `phone` varchar(13) DEFAULT NULL COMMENT '手机号码',
  `address` varchar(25) DEFAULT NULL COMMENT '地址',
  `postal` varchar(10) DEFAULT NULL COMMENT '邮政编码',
  `client_id` varchar(255) NOT NULL,
  `time` datetime(6) DEFAULT NULL,
  `status` int(13) DEFAULT NULL,
  `payment` decimal(65,2) DEFAULT NULL,
  PRIMARY KEY (`id`),
  KEY `client_id` (`client_id`)
) ENGINE=InnoDB AUTO_INCREMENT=256 DEFAULT CHARSET=utf8;

-- ----------------------------
-- Records of clientmodel
-- ----------------------------
INSERT INTO `clientmodel` VALUES ('238', '1', '案发', '15857167605', '浙江理工大学', '318000', '201805121357142', '2018-05-06 11:56:40.000000', '4', '7648.00');
INSERT INTO `clientmodel` VALUES ('244', '1', '李如', '15857167605', '浙江理工大学', '318000', '2018052216052711', '2018-05-22 16:05:27.000000', '2', '3824.00');
INSERT INTO `clientmodel` VALUES ('252', '1', '李如', '15857167605', '浙江理工大学', '318000', '20180531133611133', '2018-05-31 13:36:11.000000', '4', '24543.78');
INSERT INTO `clientmodel` VALUES ('253', '1', '李如', '15857167605', '浙江理工大学', '318000', '20180531134415150', '2018-05-31 13:44:15.000000', '2', '7008.40');
INSERT INTO `clientmodel` VALUES ('254', '1', '李如', '15857167605', '浙江理工大学', '318000', '20180531134553135', '2018-05-31 13:45:53.000000', '2', '1048.50');
INSERT INTO `clientmodel` VALUES ('255', '1', '李如', '15857167605', '浙江理工大学', '318000', '20180531202537151', '2018-05-31 20:25:37.000000', '2', '1048.50');

-- ----------------------------
-- Table structure for ordermodel
-- ----------------------------
DROP TABLE IF EXISTS `ordermodel`;
CREATE TABLE `ordermodel` (
  `id` int(11) unsigned zerofill NOT NULL AUTO_INCREMENT,
  `user_id` int(11) DEFAULT NULL,
  `production_id` int(11) DEFAULT NULL,
  `client_id` varchar(255) DEFAULT NULL,
  `number` int(11) DEFAULT NULL,
  PRIMARY KEY (`id`),
  KEY `pid` (`production_id`),
  KEY `uid` (`user_id`),
  KEY `cid` (`client_id`)
) ENGINE=MyISAM AUTO_INCREMENT=265 DEFAULT CHARSET=utf8;

-- ----------------------------
-- Records of ordermodel
-- ----------------------------
INSERT INTO `ordermodel` VALUES ('00000000001', '1', '1', '201804121357142', '1');
INSERT INTO `ordermodel` VALUES ('00000000019', '1', '1', '201804151357142', '6');
INSERT INTO `ordermodel` VALUES ('00000000020', '1', '1', '201804181357142', '13');
INSERT INTO `ordermodel` VALUES ('00000000021', '1', '1', '201804211357142', '123');
INSERT INTO `ordermodel` VALUES ('00000000022', '1', '1', '201804251357142', '2');
INSERT INTO `ordermodel` VALUES ('00000000216', '1', '1', '201805121357142', '2');
INSERT INTO `ordermodel` VALUES ('00000000217', '1', '1', '201805131357142', '4');
INSERT INTO `ordermodel` VALUES ('00000000218', '1', '1', '2018052215515211', '4');
INSERT INTO `ordermodel` VALUES ('00000000219', '1', '1', '2018052215515211', '4');
INSERT INTO `ordermodel` VALUES ('00000000220', '1', '1', '2018052215574011', '4');
INSERT INTO `ordermodel` VALUES ('00000000221', '1', '1', '2018052216005611', '4');
INSERT INTO `ordermodel` VALUES ('00000000222', '1', '1', '2018052216052711', '1');
INSERT INTO `ordermodel` VALUES ('00000000223', '1', '1', '2018053022494211', '5');
INSERT INTO `ordermodel` VALUES ('00000000224', '1', '33', '2018053022494211', '1');
INSERT INTO `ordermodel` VALUES ('00000000225', '1', '49', '2018053022494211', '1');
INSERT INTO `ordermodel` VALUES ('00000000226', '1', '67', '2018053022494211', '1');
INSERT INTO `ordermodel` VALUES ('00000000227', '1', '85', '2018053022494211', '1');
INSERT INTO `ordermodel` VALUES ('00000000228', '1', '1', '2018053022522111', '5');
INSERT INTO `ordermodel` VALUES ('00000000229', '1', '33', '2018053022522111', '1');
INSERT INTO `ordermodel` VALUES ('00000000230', '1', '49', '2018053022522111', '1');
INSERT INTO `ordermodel` VALUES ('00000000231', '1', '67', '2018053022522111', '1');
INSERT INTO `ordermodel` VALUES ('00000000232', '1', '85', '2018053022522111', '1');
INSERT INTO `ordermodel` VALUES ('00000000233', '1', '33', '20180531121804133', '1');
INSERT INTO `ordermodel` VALUES ('00000000234', '1', '49', '20180531121804133', '1');
INSERT INTO `ordermodel` VALUES ('00000000235', '1', '67', '20180531121804133', '1');
INSERT INTO `ordermodel` VALUES ('00000000236', '1', '85', '20180531121804133', '1');
INSERT INTO `ordermodel` VALUES ('00000000237', '1', '1', '2018053112295811', '1');
INSERT INTO `ordermodel` VALUES ('00000000238', '1', '34', '2018053112295811', '1');
INSERT INTO `ordermodel` VALUES ('00000000239', '1', '51', '2018053112295811', '1');
INSERT INTO `ordermodel` VALUES ('00000000240', '1', '70', '2018053112295811', '1');
INSERT INTO `ordermodel` VALUES ('00000000241', '1', '89', '2018053112295811', '1');
INSERT INTO `ordermodel` VALUES ('00000000242', '1', '1', '2018053112295811', '1');
INSERT INTO `ordermodel` VALUES ('00000000243', '1', '34', '2018053112295811', '1');
INSERT INTO `ordermodel` VALUES ('00000000244', '1', '51', '2018053112295811', '1');
INSERT INTO `ordermodel` VALUES ('00000000245', '1', '70', '2018053112295811', '1');
INSERT INTO `ordermodel` VALUES ('00000000246', '1', '89', '2018053112295811', '1');
INSERT INTO `ordermodel` VALUES ('00000000247', '1', '1', '2018053112295811', '1');
INSERT INTO `ordermodel` VALUES ('00000000248', '1', '34', '2018053112295811', '1');
INSERT INTO `ordermodel` VALUES ('00000000249', '1', '51', '2018053112295811', '1');
INSERT INTO `ordermodel` VALUES ('00000000250', '1', '70', '2018053112295811', '1');
INSERT INTO `ordermodel` VALUES ('00000000251', '1', '89', '2018053112295811', '1');
INSERT INTO `ordermodel` VALUES ('00000000252', '1', '1', '2018053112295811', '1');
INSERT INTO `ordermodel` VALUES ('00000000253', '1', '34', '2018053112295811', '1');
INSERT INTO `ordermodel` VALUES ('00000000254', '1', '51', '2018053112295811', '1');
INSERT INTO `ordermodel` VALUES ('00000000255', '1', '70', '2018053112295811', '1');
INSERT INTO `ordermodel` VALUES ('00000000256', '1', '89', '2018053112295811', '1');
INSERT INTO `ordermodel` VALUES ('00000000257', '1', '33', '20180531133611133', '1');
INSERT INTO `ordermodel` VALUES ('00000000258', '1', '50', '20180531133611133', '1');
INSERT INTO `ordermodel` VALUES ('00000000259', '1', '52', '20180531133611133', '1');
INSERT INTO `ordermodel` VALUES ('00000000260', '1', '68', '20180531133611133', '1');
INSERT INTO `ordermodel` VALUES ('00000000261', '1', '87', '20180531133611133', '1');
INSERT INTO `ordermodel` VALUES ('00000000262', '1', '50', '20180531134415150', '1');
INSERT INTO `ordermodel` VALUES ('00000000263', '1', '35', '20180531134553135', '1');
INSERT INTO `ordermodel` VALUES ('00000000264', '1', '51', '20180531202537151', '1');

-- ----------------------------
-- Table structure for productionmodel
-- ----------------------------
DROP TABLE IF EXISTS `productionmodel`;
CREATE TABLE `productionmodel` (
  `id` int(11) NOT NULL AUTO_INCREMENT,
  `name` varchar(255) DEFAULT NULL,
  `price` decimal(65,2) DEFAULT NULL,
  `sales_volume` int(11) DEFAULT NULL,
  `stock` int(11) DEFAULT NULL,
  `type_id` int(11) DEFAULT NULL,
  `model` varchar(11) DEFAULT NULL,
  `brands` varchar(11) DEFAULT NULL,
  `imgpath` varchar(255) DEFAULT NULL,
  PRIMARY KEY (`id`),
  KEY `tid1` (`type_id`),
  CONSTRAINT `tid1` FOREIGN KEY (`type_id`) REFERENCES `typemodel` (`id`)
) ENGINE=InnoDB AUTO_INCREMENT=105 DEFAULT CHARSET=utf8;

-- ----------------------------
-- Records of productionmodel
-- ----------------------------
INSERT INTO `productionmodel` VALUES ('1', 'Changhong/长虹 65S1安卓智能12核65英寸网络平板LED液晶电视机70', '3824.00', '3727', '18', '1', '65S1', '长虹', 'image/tablettv/tablet-tv1');
INSERT INTO `productionmodel` VALUES ('2', '夏普屏PANDA/熊猫 LE39D71S 39英寸智能WiFi液晶平板电视40 42 43', '1874.25', '1774', '75', '1', 'LE39D71S', 'Hisense/海信', 'image/tablettv/tablet-tv2');
INSERT INTO `productionmodel` VALUES ('3', 'Hisense/海信 LED40EC520UA 40英寸4K智能平板液晶电视机WIFI网络', '1439.40', '2239', '82', '1', 'LED40', 'Hisense/海信', 'image/tablettv/tablet-tv3');
INSERT INTO `productionmodel` VALUES ('4', 'Hisense/海信 LED49EC320A 49吋led液晶电视机智能网络平板电视50', '1679.40', '796', '124', '1', 'LED49', 'Hisense/海信', 'image/tablettv/tablet-tv4');
INSERT INTO `productionmodel` VALUES ('5', 'Hisense/海信 LED32EC270W 海信32英寸液晶电视机 WIFI网络电视', '909.35', '85', '352', '1', 'LED32', 'Hisense/海信', 'image/tablettv/tablet-tv5');
INSERT INTO `productionmodel` VALUES ('6', 'Changhong/长虹 LED32B2080n 32吋led液晶电视机网络平板电视彩电', '719.40', '323', '4365', '1', 'LED32B', '长虹', 'image/tablettv/tablet-tv6');
INSERT INTO `productionmodel` VALUES ('7', 'Konka/康佳 LED32S1卧室32吋安卓智能无线WIFI网络液晶平板电视机', '1104.35', '403', '98', '1', 'LED32S', '康佳', 'image/tablettv/tablet-tv7');
INSERT INTO `productionmodel` VALUES ('8', 'Hisense/海信 LED60EC660US 60吋轻薄4K HDR真14核智能液晶电视65', '5759.10', '330', '12', '1', 'LED60', '海信', 'image/tablettv/tablet-tv8');
INSERT INTO `productionmodel` VALUES ('9', 'Haier/海尔 LE48A31 48英寸高清智能网络液晶平板电视LED49 50', '2659.05', '1324', '56', '1', 'LE48', '海尔', 'image/tablettv/tablet-tv9');
INSERT INTO `productionmodel` VALUES ('10', 'TCL D48A710 48英寸 全高清 智能网络WiFi LED液晶平板电视机', '2297.75', '219', '568', '1', 'D48', 'TCL', 'image/tablettv/tablet-tv10');
INSERT INTO `productionmodel` VALUES ('11', 'Hisense/海信 LED55EC760UC 55吋曲面4K超清HDR液晶电视机平板60', '5399.10', '59', '360', '1', 'LED55', '海信', 'image/tablettv/tablet-tv11');
INSERT INTO `productionmodel` VALUES ('12', 'Konka/康佳 LED58S1 58英寸8核安卓智能电视机LED液晶无线wifi 60', '2219.40', '27', '457', '1', 'LED58', '康佳', 'image/tablettv/tablet-tv12');
INSERT INTO `productionmodel` VALUES ('13', 'Hisense/海信 LED32EC200 海信液晶电视32英寸蓝光平板电视机彩电', '1189.15', '59', '76', '1', 'LED32EC200', '海信', 'image/tablettv/tablet-tv13');
INSERT INTO `productionmodel` VALUES ('14', 'Konka/康佳 T55U 55英寸4K超高清智能安卓平板LED液晶电视机 58', '2719.20', '3667', '98', '1', 'T55U', '康佳', 'image/tablettv/tablet-tv14');
INSERT INTO `productionmodel` VALUES ('15', 'Hisense/海信 LED43EC291N 43英寸 全高清 网络 智能 LED液晶电视', '3050.00', '42', '34', '1', 'LED43', '海信', 'image/tablettv/tablet-tv15');
INSERT INTO `productionmodel` VALUES ('16', 'Konka/康佳 A55U 55英寸4K超高清智能安卓平板LED液晶电视机 50', '2559.20', '5', '24', '1', 'A55U', '康佳', 'image/tablettv/tablet-tv16');
INSERT INTO `productionmodel` VALUES ('17', 'Skyworth/创维 55V8E 55吋21核4色4K超高清智能网络液晶电视机 50', '2399.40', '16', '61', '1', '55V8E', '创维', 'image/tablettv/tablet-tv17');
INSERT INTO `productionmodel` VALUES ('18', 'Hisense/海信 LED48EC290N 48英寸智能高清内置wifi 平板电视', '2279.05', '60', '1045', '1', 'LED48EC290', '海信', 'image/tablettv/tablet-tv18');
INSERT INTO `productionmodel` VALUES ('19', 'Hisense/海信 LED48EC290N 48英寸智能高清内置wifi 平板电视', '2279.05', '60', '1045', '1', 'LED48EC290', '海信', 'image/tablettv/tablet-tv18');
INSERT INTO `productionmodel` VALUES ('20', 'Hisense/海信 LED48EC290N 48英寸智能高清内置wifi 平板电视', '2279.05', '60', '1045', '1', 'LED48EC290', '海信', 'image/tablettv/tablet-tv18');
INSERT INTO `productionmodel` VALUES ('21', 'Hisense/海信 LED48EC290N 48英寸智能高清内置wifi 平板电视', '2279.05', '60', '1045', '1', 'LED48EC290', '海信', 'image/tablettv/tablet-tv18');
INSERT INTO `productionmodel` VALUES ('22', 'Hisense/海信 LED48EC290N 48英寸智能高清内置wifi 平板电视', '2279.05', '60', '1045', '1', 'LED48EC290', '海信', 'image/tablettv/tablet-tv18');
INSERT INTO `productionmodel` VALUES ('23', 'Hisense/海信 LED48EC290N 48英寸智能高清内置wifi 平板电视', '2279.05', '60', '1045', '1', 'LED48EC290', '海信', 'image/tablettv/tablet-tv18');
INSERT INTO `productionmodel` VALUES ('24', 'Hisense/海信 LED48EC290N 48英寸智能高清内置wifi 平板电视', '2279.05', '60', '1045', '1', 'LED48EC290', '海信', 'image/tablettv/tablet-tv18');
INSERT INTO `productionmodel` VALUES ('25', 'Hisense/海信 LED48EC290N 48英寸智能高清内置wifi 平板电视', '2279.05', '60', '1045', '1', 'LED48EC290', '海信', 'image/tablettv/tablet-tv18');
INSERT INTO `productionmodel` VALUES ('26', 'Hisense/海信 LED48EC290N 48英寸智能高清内置wifi 平板电视', '2279.05', '60', '1045', '1', 'LED48EC290', '海信', 'image/tablettv/tablet-tv18');
INSERT INTO `productionmodel` VALUES ('27', 'Hisense/海信 LED48EC290N 48英寸智能高清内置wifi 平板电视', '2279.05', '60', '1045', '1', 'LED48EC290', '海信', 'image/tablettv/tablet-tv18');
INSERT INTO `productionmodel` VALUES ('28', 'Hisense/海信 LED48EC290N 48英寸智能高清内置wifi 平板电视', '2279.05', '60', '1045', '1', 'LED48EC290', '海信', 'image/tablettv/tablet-tv18');
INSERT INTO `productionmodel` VALUES ('29', 'Hisense/海信 LED48EC290N 48英寸智能高清内置wifi 平板电视', '2279.05', '60', '1045', '1', 'LED48EC290', '海信', 'image/tablettv/tablet-tv18');
INSERT INTO `productionmodel` VALUES ('30', 'Hisense/海信 LED48EC290N 48英寸智能高清内置wifi 平板电视', '2279.05', '60', '1045', '1', 'LED48EC290', '海信', 'image/tablettv/tablet-tv18');
INSERT INTO `productionmodel` VALUES ('31', 'Hisense/海信 LED48EC290N 48英寸智能高清内置wifi 平板电视', '2279.05', '60', '1045', '1', 'LED48EC290', '海信', 'image/tablettv/tablet-tv18');
INSERT INTO `productionmodel` VALUES ('32', 'Hisense/海信 LED48EC290N 48英寸智能高清内置wifi 平板电视', '2279.05', '60', '1045', '1', 'LED48EC290', '海信', 'image/tablettv/tablet-tv18');
INSERT INTO `productionmodel` VALUES ('33', 'arrow箭牌抽水马桶 坐便器节水坐便器 陶瓷特价直冲式座便AE1103', '958.80', '71', '50', '2', 'AB1116', 'ARROW/箭牌', 'image/Closestool/Closestool1');
INSERT INTO `productionmodel` VALUES ('34', '箭牌马桶/ARROW AB1116A坐便器喷射虹吸式连体抽水座便器正品卫浴', '1028.96', '11', '52', '2', 'AB1116', 'ARROW/箭牌', 'image/Closestool/Closestool2');
INSERT INTO `productionmodel` VALUES ('35', '纳蒂兰卡1083洁具马桶虹吸式坐便器350坑距可配智能盖板抽水马桶', '1048.50', '46', '71', '2', '1083', '纳蒂兰卡', 'image/Closestool/Closestool3');
INSERT INTO `productionmodel` VALUES ('36', '九牧卫浴马桶坐便器虹吸连体座便器节水坐便器马桶抽水马桶11173', '1050.00', '57', '512', '2', '11173', '九牧卫浴', 'image/Closestool/Closestool4');
INSERT INTO `productionmodel` VALUES ('37', 'arrow箭牌抽水马桶 坐便器节水坐便器 陶瓷特价直冲式座便AE1103', '958.80', '70', '51', '2', 'AB1116', 'ARROW/箭牌', 'image/Closestool/Closestool1');
INSERT INTO `productionmodel` VALUES ('38', 'arrow箭牌抽水马桶 坐便器节水坐便器 陶瓷特价直冲式座便AE1103', '958.80', '70', '51', '2', 'AB1116', 'ARROW/箭牌', 'image/Closestool/Closestool1');
INSERT INTO `productionmodel` VALUES ('39', 'arrow箭牌抽水马桶 坐便器节水坐便器 陶瓷特价直冲式座便AE1103', '958.80', '70', '51', '2', 'AB1116', 'ARROW/箭牌', 'image/Closestool/Closestool1');
INSERT INTO `productionmodel` VALUES ('40', 'arrow箭牌抽水马桶 坐便器节水坐便器 陶瓷特价直冲式座便AE1103', '958.80', '70', '51', '2', 'AB1116', 'ARROW/箭牌', 'image/Closestool/Closestool1');
INSERT INTO `productionmodel` VALUES ('41', 'arrow箭牌抽水马桶 坐便器节水坐便器 陶瓷特价直冲式座便AE1103', '958.80', '70', '51', '2', 'AB1116', 'ARROW/箭牌', 'image/Closestool/Closestool1');
INSERT INTO `productionmodel` VALUES ('42', 'arrow箭牌抽水马桶 坐便器节水坐便器 陶瓷特价直冲式座便AE1103', '958.80', '70', '51', '2', 'AB1116', 'ARROW/箭牌', 'image/Closestool/Closestool1');
INSERT INTO `productionmodel` VALUES ('43', 'arrow箭牌抽水马桶 坐便器节水坐便器 陶瓷特价直冲式座便AE1103', '958.80', '70', '51', '2', 'AB1116', 'ARROW/箭牌', 'image/Closestool/Closestool1');
INSERT INTO `productionmodel` VALUES ('44', 'arrow箭牌抽水马桶 坐便器节水坐便器 陶瓷特价直冲式座便AE1103', '958.80', '70', '51', '2', 'AB1116', 'ARROW/箭牌', 'image/Closestool/Closestool1');
INSERT INTO `productionmodel` VALUES ('45', 'arrow箭牌抽水马桶 坐便器节水坐便器 陶瓷特价直冲式座便AE1103', '958.80', '70', '51', '2', 'AB1116', 'ARROW/箭牌', 'image/Closestool/Closestool1');
INSERT INTO `productionmodel` VALUES ('46', 'arrow箭牌抽水马桶 坐便器节水坐便器 陶瓷特价直冲式座便AE1103', '958.80', '70', '51', '2', 'AB1116', 'ARROW/箭牌', 'image/Closestool/Closestool1');
INSERT INTO `productionmodel` VALUES ('47', 'arrow箭牌抽水马桶 坐便器节水坐便器 陶瓷特价直冲式座便AE1103', '958.80', '70', '51', '2', 'AB1116', 'ARROW/箭牌', 'image/Closestool/Closestool1');
INSERT INTO `productionmodel` VALUES ('48', 'arrow箭牌抽水马桶 坐便器节水坐便器 陶瓷特价直冲式座便AE1103', '958.80', '70', '51', '2', 'AB1116', 'ARROW/箭牌', 'image/Closestool/Closestool1');
INSERT INTO `productionmodel` VALUES ('49', '雅居汇欧式沙发组合实木雕花客厅高档奢华大户型住宅家具布艺沙发', '22715.00', '412', '1535', '3', '2040', '雅居汇', 'image/sofa/sofa1');
INSERT INTO `productionmodel` VALUES ('50', '依然美佳欧式布艺沙发组合可拆洗新款实木雕花大户型奢华别墅家具', '7008.40', '635', '35235', '3', '2040', '依然美佳', 'image/sofa/sofa2');
INSERT INTO `productionmodel` VALUES ('51', '南台布艺沙发组合可拆洗简约现代客厅整装家具布艺沙发组合大户型', '4374.15', '2146', '230', '3', '2042', '南台布艺', 'image/sofa/sofa3');
INSERT INTO `productionmodel` VALUES ('52', '凯米蒂亚欧式真皮沙发组合客厅奢华转角皮艺蓝色沙发美式实木家具', '12413.14', '893', '679', '3', '352', '凯米蒂亚', 'image/sofa/sofa4');
INSERT INTO `productionmodel` VALUES ('53', '雅居汇欧式沙发组合实木雕花客厅高档奢华大户型住宅家具布艺沙发', '22715.00', '412', '1535', '3', '2040', '雅居汇', 'image/sofa/sofa1');
INSERT INTO `productionmodel` VALUES ('54', '雅居汇欧式沙发组合实木雕花客厅高档奢华大户型住宅家具布艺沙发', '22715.00', '412', '1535', '3', '2040', '雅居汇', 'image/sofa/sofa1');
INSERT INTO `productionmodel` VALUES ('55', '雅居汇欧式沙发组合实木雕花客厅高档奢华大户型住宅家具布艺沙发', '22715.00', '412', '1535', '3', '2040', '雅居汇', 'image/sofa/sofa1');
INSERT INTO `productionmodel` VALUES ('56', '雅居汇欧式沙发组合实木雕花客厅高档奢华大户型住宅家具布艺沙发', '22715.00', '412', '1535', '3', '2040', '雅居汇', 'image/sofa/sofa1');
INSERT INTO `productionmodel` VALUES ('57', '雅居汇欧式沙发组合实木雕花客厅高档奢华大户型住宅家具布艺沙发', '22715.00', '412', '1535', '3', '2040', '雅居汇', 'image/sofa/sofa1');
INSERT INTO `productionmodel` VALUES ('58', '雅居汇欧式沙发组合实木雕花客厅高档奢华大户型住宅家具布艺沙发', '22715.00', '412', '1535', '3', '2040', '雅居汇', 'image/sofa/sofa1');
INSERT INTO `productionmodel` VALUES ('59', '雅居汇欧式沙发组合实木雕花客厅高档奢华大户型住宅家具布艺沙发', '22715.00', '412', '1535', '3', '2040', '雅居汇', 'image/sofa/sofa1');
INSERT INTO `productionmodel` VALUES ('60', '雅居汇欧式沙发组合实木雕花客厅高档奢华大户型住宅家具布艺沙发', '22715.00', '412', '1535', '3', '2040', '雅居汇', 'image/sofa/sofa1');
INSERT INTO `productionmodel` VALUES ('61', '雅居汇欧式沙发组合实木雕花客厅高档奢华大户型住宅家具布艺沙发', '22715.00', '412', '1535', '3', '2040', '雅居汇', 'image/sofa/sofa1');
INSERT INTO `productionmodel` VALUES ('62', '雅居汇欧式沙发组合实木雕花客厅高档奢华大户型住宅家具布艺沙发', '22715.00', '412', '1535', '3', '2040', '雅居汇', 'image/sofa/sofa1');
INSERT INTO `productionmodel` VALUES ('63', '雅居汇欧式沙发组合实木雕花客厅高档奢华大户型住宅家具布艺沙发', '22715.00', '412', '1535', '3', '2040', '雅居汇', 'image/sofa/sofa1');
INSERT INTO `productionmodel` VALUES ('64', '雅居汇欧式沙发组合实木雕花客厅高档奢华大户型住宅家具布艺沙发', '22715.00', '412', '1535', '3', '2040', '雅居汇', 'image/sofa/sofa1');
INSERT INTO `productionmodel` VALUES ('65', '雅居汇欧式沙发组合实木雕花客厅高档奢华大户型住宅家具布艺沙发', '22715.00', '412', '1535', '3', '2040', '雅居汇', 'image/sofa/sofa1');
INSERT INTO `productionmodel` VALUES ('66', '雅居汇欧式沙发组合实木雕花客厅高档奢华大户型住宅家具布艺沙发', '22715.00', '412', '1535', '3', '2040', '雅居汇', 'image/sofa/sofa1');
INSERT INTO `productionmodel` VALUES ('67', 'Haier/海尔 EC8003-I/80升洗澡淋浴/储热电热水器防电墙/送货入户', '1169.35', '3468', '235', '4', 'EC8003-I/80', '海尔', 'image/waterheater/waterheater1');
INSERT INTO `productionmodel` VALUES ('68', 'Vanward/万和 DSCF50-C32双盾电热水器速热联保安装 洗澡 50L省电', '699.30', '14145', '4363', '4', ' DSCF50-C32', '万和', 'image/waterheater/waterheater2');
INSERT INTO `productionmodel` VALUES ('69', '哆啦A梦weber I2-80 威博电热水器80升储水式智能速热洗澡淋浴60', '1026.24', '4574', '267', '4', 'weber I2-80', '多啦A梦', 'image/waterheater/waterheater3');
INSERT INTO `productionmodel` VALUES ('70', 'Haier/海尔 EC6005-T+ 60升电热水器 洗澡淋浴 防电墙 送装同步', '1523.15', '252', '26', '4', 'EC6005', '海尔', 'image/waterheater/waterheater4');
INSERT INTO `productionmodel` VALUES ('71', 'Haier/海尔 EC8003-I/80升洗澡淋浴/储热电热水器防电墙/送货入户', '1169.35', '3468', '235', '4', 'EC8003-I/80', '海尔', 'image/waterheater/waterheater1');
INSERT INTO `productionmodel` VALUES ('72', 'Haier/海尔 EC8003-I/80升洗澡淋浴/储热电热水器防电墙/送货入户', '1169.35', '3468', '235', '4', 'EC8003-I/80', '海尔', 'image/waterheater/waterheater1');
INSERT INTO `productionmodel` VALUES ('73', 'Haier/海尔 EC8003-I/80升洗澡淋浴/储热电热水器防电墙/送货入户', '1169.35', '3468', '235', '4', 'EC8003-I/80', '海尔', 'image/waterheater/waterheater1');
INSERT INTO `productionmodel` VALUES ('74', 'Haier/海尔 EC8003-I/80升洗澡淋浴/储热电热水器防电墙/送货入户', '1169.35', '3468', '235', '4', 'EC8003-I/80', '海尔', 'image/waterheater/waterheater1');
INSERT INTO `productionmodel` VALUES ('75', 'Haier/海尔 EC8003-I/80升洗澡淋浴/储热电热水器防电墙/送货入户', '1169.35', '3468', '235', '4', 'EC8003-I/80', '海尔', 'image/waterheater/waterheater1');
INSERT INTO `productionmodel` VALUES ('76', 'Haier/海尔 EC8003-I/80升洗澡淋浴/储热电热水器防电墙/送货入户', '1169.35', '3468', '235', '4', 'EC8003-I/80', '海尔', 'image/waterheater/waterheater1');
INSERT INTO `productionmodel` VALUES ('77', 'Haier/海尔 EC8003-I/80升洗澡淋浴/储热电热水器防电墙/送货入户', '1169.35', '3468', '235', '4', 'EC8003-I/80', '海尔', 'image/waterheater/waterheater1');
INSERT INTO `productionmodel` VALUES ('78', 'Haier/海尔 EC8003-I/80升洗澡淋浴/储热电热水器防电墙/送货入户', '1169.35', '3468', '235', '4', 'EC8003-I/80', '海尔', 'image/waterheater/waterheater1');
INSERT INTO `productionmodel` VALUES ('79', 'Haier/海尔 EC8003-I/80升洗澡淋浴/储热电热水器防电墙/送货入户', '1169.35', '3468', '235', '4', 'EC8003-I/80', '海尔', 'image/waterheater/waterheater1');
INSERT INTO `productionmodel` VALUES ('80', 'Haier/海尔 EC8003-I/80升洗澡淋浴/储热电热水器防电墙/送货入户', '1169.35', '3468', '235', '4', 'EC8003-I/80', '海尔', 'image/waterheater/waterheater1');
INSERT INTO `productionmodel` VALUES ('81', 'Haier/海尔 EC8003-I/80升洗澡淋浴/储热电热水器防电墙/送货入户', '1169.35', '3468', '235', '4', 'EC8003-I/80', '海尔', 'image/waterheater/waterheater1');
INSERT INTO `productionmodel` VALUES ('82', 'Haier/海尔 EC8003-I/80升洗澡淋浴/储热电热水器防电墙/送货入户', '1169.35', '3468', '235', '4', 'EC8003-I/80', '海尔', 'image/waterheater/waterheater1');
INSERT INTO `productionmodel` VALUES ('83', 'Haier/海尔 EC8003-I/80升洗澡淋浴/储热电热水器防电墙/送货入户', '1169.35', '3468', '235', '4', 'EC8003-I/80', '海尔', 'image/waterheater/waterheater1');
INSERT INTO `productionmodel` VALUES ('84', 'Haier/海尔 EC8003-I/80升洗澡淋浴/储热电热水器防电墙/送货入户', '1169.35', '3468', '235', '4', 'EC8003-I/80', '海尔', 'image/waterheater/waterheater1');
INSERT INTO `productionmodel` VALUES ('85', '两轮平衡车双轮儿童思维漂移电动扭扭车智能滑板车成人体感代步车', '3463.00', '14', '25', '5', '1', 'Ninebot', 'image/Balancecar/Balancecar1');
INSERT INTO `productionmodel` VALUES ('86', '力达康成人电动滑板车折叠锂电池迷你型可折叠两轮代步车', '1513.00', '1526', '568', '5', '2', 'lalala', 'image/Balancecar/Balancecar2');
INSERT INTO `productionmodel` VALUES ('87', '瑞士米高micro g-bike+ chopper儿童平衡车二轮自行车', '3464.14', '568', '908', '5', '3', 'gfg', 'image/Balancecar/Balancecar3');
INSERT INTO `productionmodel` VALUES ('88', '\r\n        \r\n乐途智能电动悬浮滑板车太空轮平行车蓝牙自平衡独轮代步车', '2647.00', '7858', '496', '5', '4', 'lida', 'image/Balancecar/Balancecar4');
INSERT INTO `productionmodel` VALUES ('89', '两轮平衡车双轮儿童思维漂移电动扭扭车智能滑板车成人体感代步车', '3463.00', '14', '25', '5', '1', 'Ninebot', 'image/Balancecar/Balancecar1');
INSERT INTO `productionmodel` VALUES ('90', '力达康成人电动滑板车折叠锂电池迷你型可折叠两轮代步车', '1513.00', '1526', '568', '5', '2', 'lalala', 'image/Balancecar/Balancecar2');
INSERT INTO `productionmodel` VALUES ('91', '瑞士米高micro g-bike+ chopper儿童平衡车二轮自行车', '3464.14', '568', '908', '5', '3', 'gfg', 'image/Balancecar/Balancecar3');
INSERT INTO `productionmodel` VALUES ('92', '\r\n        \r\n乐途智能电动悬浮滑板车太空轮平行车蓝牙自平衡独轮代步车', '2647.00', '7858', '496', '5', '4', 'lida', 'image/Balancecar/Balancecar4');
INSERT INTO `productionmodel` VALUES ('93', '两轮平衡车双轮儿童思维漂移电动扭扭车智能滑板车成人体感代步车', '3463.00', '14', '25', '5', '1', 'Ninebot', 'image/Balancecar/Balancecar1');
INSERT INTO `productionmodel` VALUES ('94', '力达康成人电动滑板车折叠锂电池迷你型可折叠两轮代步车', '1513.00', '1526', '568', '5', '2', 'lalala', 'image/Balancecar/Balancecar2');
INSERT INTO `productionmodel` VALUES ('95', '瑞士米高micro g-bike+ chopper儿童平衡车二轮自行车', '3464.14', '568', '908', '5', '3', 'gfg', 'image/Balancecar/Balancecar3');
INSERT INTO `productionmodel` VALUES ('96', '\r\n        \r\n乐途智能电动悬浮滑板车太空轮平行车蓝牙自平衡独轮代步车', '2647.00', '7858', '496', '5', '4', 'lida', 'image/Balancecar/Balancecar4');
INSERT INTO `productionmodel` VALUES ('97', '两轮平衡车双轮儿童思维漂移电动扭扭车智能滑板车成人体感代步车', '3463.00', '14', '25', '5', '1', 'Ninebot', 'image/Balancecar/Balancecar1');
INSERT INTO `productionmodel` VALUES ('98', '力达康成人电动滑板车折叠锂电池迷你型可折叠两轮代步车', '1513.00', '1526', '568', '5', '2', 'lalala', 'image/Balancecar/Balancecar2');
INSERT INTO `productionmodel` VALUES ('99', '瑞士米高micro g-bike+ chopper儿童平衡车二轮自行车', '3464.14', '568', '908', '5', '3', 'gfg', 'image/Balancecar/Balancecar3');
INSERT INTO `productionmodel` VALUES ('100', '\r\n        \r\n乐途智能电动悬浮滑板车太空轮平行车蓝牙自平衡独轮代步车', '2647.00', '7858', '496', '5', '4', 'lida', 'image/Balancecar/Balancecar4');
INSERT INTO `productionmodel` VALUES ('101', '两轮平衡车双轮儿童思维漂移电动扭扭车智能滑板车成人体感代步车', '3463.00', '14', '25', '5', '1', 'Ninebot', 'image/Balancecar/Balancecar1');
INSERT INTO `productionmodel` VALUES ('102', '力达康成人电动滑板车折叠锂电池迷你型可折叠两轮代步车', '1513.00', '1526', '568', '5', '2', 'lalala', 'image/Balancecar/Balancecar2');
INSERT INTO `productionmodel` VALUES ('103', '瑞士米高micro g-bike+ chopper儿童平衡车二轮自行车', '3464.14', '568', '908', '5', '3', 'gfg', 'image/Balancecar/Balancecar3');
INSERT INTO `productionmodel` VALUES ('104', '\r\n        \r\n乐途智能电动悬浮滑板车太空轮平行车蓝牙自平衡独轮代步车', '2647.00', '7858', '496', '5', '4', 'lida', 'image/Balancecar/Balancecar4');

-- ----------------------------
-- Table structure for propertymodel
-- ----------------------------
DROP TABLE IF EXISTS `propertymodel`;
CREATE TABLE `propertymodel` (
  `id` int(11) NOT NULL AUTO_INCREMENT,
  `type_id` int(11) DEFAULT NULL,
  `name` varchar(255) DEFAULT NULL,
  PRIMARY KEY (`id`),
  KEY `tid` (`type_id`),
  CONSTRAINT `tid` FOREIGN KEY (`type_id`) REFERENCES `typemodel` (`id`)
) ENGINE=InnoDB AUTO_INCREMENT=66 DEFAULT CHARSET=utf8;

-- ----------------------------
-- Records of propertymodel
-- ----------------------------
INSERT INTO `propertymodel` VALUES ('1', '1', '操作系统');
INSERT INTO `propertymodel` VALUES ('2', '1', '3D类型');
INSERT INTO `propertymodel` VALUES ('3', '1', '能效等级');
INSERT INTO `propertymodel` VALUES ('4', '1', '产品名称');
INSERT INTO `propertymodel` VALUES ('5', '1', '网络连接方式');
INSERT INTO `propertymodel` VALUES ('6', '1', '制造商名称:');
INSERT INTO `propertymodel` VALUES ('7', '1', '型号');
INSERT INTO `propertymodel` VALUES ('8', '1', '分辨率');
INSERT INTO `propertymodel` VALUES ('9', '1', '证书编号');
INSERT INTO `propertymodel` VALUES ('10', '1', '申请人名称');
INSERT INTO `propertymodel` VALUES ('11', '1', '3C产品型号');
INSERT INTO `propertymodel` VALUES ('12', '1', '证书状态');
INSERT INTO `propertymodel` VALUES ('13', '1', 'Hisense/海信');
INSERT INTO `propertymodel` VALUES ('14', '2', '同城服务');
INSERT INTO `propertymodel` VALUES ('15', '2', '坐便冲水量');
INSERT INTO `propertymodel` VALUES ('17', '2', '颜色分类');
INSERT INTO `propertymodel` VALUES ('18', '2', '承重');
INSERT INTO `propertymodel` VALUES ('19', '2', '最小坑距');
INSERT INTO `propertymodel` VALUES ('20', '2', '材质');
INSERT INTO `propertymodel` VALUES ('21', '2', '排水方式');
INSERT INTO `propertymodel` VALUES ('22', '2', '坐便器冲水方式');
INSERT INTO `propertymodel` VALUES ('23', '2', '型号');
INSERT INTO `propertymodel` VALUES ('24', '2', '盖板是否缓冲');
INSERT INTO `propertymodel` VALUES ('25', '2', '坐便器类型');
INSERT INTO `propertymodel` VALUES ('26', '2', '冲水按键类型');
INSERT INTO `propertymodel` VALUES ('27', '2', '品牌');
INSERT INTO `propertymodel` VALUES ('28', '3', '安装说明详情');
INSERT INTO `propertymodel` VALUES ('29', '3', '是否可预售');
INSERT INTO `propertymodel` VALUES ('30', '3', '木质材质');
INSERT INTO `propertymodel` VALUES ('31', '3', '型号');
INSERT INTO `propertymodel` VALUES ('32', '3', '出租车是否可运输');
INSERT INTO `propertymodel` VALUES ('33', '3', '填充物硬度');
INSERT INTO `propertymodel` VALUES ('34', '3', '填充物');
INSERT INTO `propertymodel` VALUES ('35', '3', '款式定位');
INSERT INTO `propertymodel` VALUES ('36', '3', '材质');
INSERT INTO `propertymodel` VALUES ('37', '3', '适用对象');
INSERT INTO `propertymodel` VALUES ('38', '3', '品牌');
INSERT INTO `propertymodel` VALUES ('39', '3', '是否可定制');
INSERT INTO `propertymodel` VALUES ('40', '3', '产地');
INSERT INTO `propertymodel` VALUES ('41', '3', '沙发组合形式');
INSERT INTO `propertymodel` VALUES ('42', '3', '木质结构工艺');
INSERT INTO `propertymodel` VALUES ('43', '3', '可送货/安装');
INSERT INTO `propertymodel` VALUES ('44', '3', '面料');
INSERT INTO `propertymodel` VALUES ('45', '3', '是否组装');
INSERT INTO `propertymodel` VALUES ('46', '3', '结构工艺');
INSERT INTO `propertymodel` VALUES ('47', '3', '是否可拆洗');
INSERT INTO `propertymodel` VALUES ('48', '3', '包装体积');
INSERT INTO `propertymodel` VALUES ('49', '3', '风格');
INSERT INTO `propertymodel` VALUES ('50', '4', '能效等级');
INSERT INTO `propertymodel` VALUES ('51', '4', '产品名称');
INSERT INTO `propertymodel` VALUES ('52', '4', '款式');
INSERT INTO `propertymodel` VALUES ('53', '4', '制造商名称');
INSERT INTO `propertymodel` VALUES ('54', '4', '控制方式');
INSERT INTO `propertymodel` VALUES ('55', '4', '型号');
INSERT INTO `propertymodel` VALUES ('56', '4', '证书编号');
INSERT INTO `propertymodel` VALUES ('57', '4', '申请人名称');
INSERT INTO `propertymodel` VALUES ('58', '4', '3C产品型号');
INSERT INTO `propertymodel` VALUES ('59', '4', '证书状态');
INSERT INTO `propertymodel` VALUES ('60', '4', '品牌');
INSERT INTO `propertymodel` VALUES ('61', '5', '品牌');
INSERT INTO `propertymodel` VALUES ('62', '5', '货号');
INSERT INTO `propertymodel` VALUES ('63', '5', '款式');
INSERT INTO `propertymodel` VALUES ('64', '5', '上市时间');
INSERT INTO `propertymodel` VALUES ('65', '5', '是否商场同款');

-- ----------------------------
-- Table structure for propertyvaluemodel
-- ----------------------------
DROP TABLE IF EXISTS `propertyvaluemodel`;
CREATE TABLE `propertyvaluemodel` (
  `id` int(11) NOT NULL AUTO_INCREMENT,
  `production_id` int(11) DEFAULT NULL,
  `property_id` int(11) DEFAULT NULL,
  `value` varchar(255) DEFAULT NULL,
  PRIMARY KEY (`id`),
  KEY `pid` (`production_id`) USING BTREE,
  KEY `ptid` (`property_id`) USING BTREE,
  CONSTRAINT `pid1` FOREIGN KEY (`production_id`) REFERENCES `productionmodel` (`id`),
  CONSTRAINT `tpid` FOREIGN KEY (`property_id`) REFERENCES `propertymodel` (`id`)
) ENGINE=InnoDB AUTO_INCREMENT=1334 DEFAULT CHARSET=utf8;

-- ----------------------------
-- Records of propertyvaluemodel
-- ----------------------------
INSERT INTO `propertyvaluemodel` VALUES ('1', '1', '1', 'VIDAA');
INSERT INTO `propertyvaluemodel` VALUES ('2', '1', '2', '无');
INSERT INTO `propertyvaluemodel` VALUES ('3', '1', '3', '一级');
INSERT INTO `propertyvaluemodel` VALUES ('4', '1', '4', 'Hisense/海信');
INSERT INTO `propertyvaluemodel` VALUES ('5', '1', '5', '全部支持');
INSERT INTO `propertyvaluemodel` VALUES ('6', '1', '6', '青岛海信电器股份有限公司');
INSERT INTO `propertyvaluemodel` VALUES ('7', '1', '7', ' LED60EC660');
INSERT INTO `propertyvaluemodel` VALUES ('8', '1', '8', '3840x2160');
INSERT INTO `propertyvaluemodel` VALUES ('9', '1', '9', '2016010808');
INSERT INTO `propertyvaluemodel` VALUES ('10', '1', '10', '青岛海信电器股份有限公司');
INSERT INTO `propertyvaluemodel` VALUES ('11', '1', '11', 'LED60K5500');
INSERT INTO `propertyvaluemodel` VALUES ('12', '1', '12', '有效');
INSERT INTO `propertyvaluemodel` VALUES ('13', '1', '13', 'Hisense/海信');
INSERT INTO `propertyvaluemodel` VALUES ('14', '33', '14', '同城物流送货上门');
INSERT INTO `propertyvaluemodel` VALUES ('15', '33', '15', '3/6L');
INSERT INTO `propertyvaluemodel` VALUES ('16', '33', '17', '银色');
INSERT INTO `propertyvaluemodel` VALUES ('17', '33', '18', '70kg及以上');
INSERT INTO `propertyvaluemodel` VALUES ('18', '33', '19', '305mm 400m');
INSERT INTO `propertyvaluemodel` VALUES ('19', '33', '20', ' PP板');
INSERT INTO `propertyvaluemodel` VALUES ('20', '33', '21', '地排水');
INSERT INTO `propertyvaluemodel` VALUES ('21', '33', '22', '喷射虹吸式');
INSERT INTO `propertyvaluemodel` VALUES ('22', '33', '23', 'AB1116');
INSERT INTO `propertyvaluemodel` VALUES ('23', '33', '24', '缓冲');
INSERT INTO `propertyvaluemodel` VALUES ('24', '33', '25', '连体式');
INSERT INTO `propertyvaluemodel` VALUES ('25', '33', '26', '上按两端式');
INSERT INTO `propertyvaluemodel` VALUES ('26', '33', '27', 'ARROW/箭牌');
INSERT INTO `propertyvaluemodel` VALUES ('27', '2', '1', 'VIDAA');
INSERT INTO `propertyvaluemodel` VALUES ('28', '2', '2', '无');
INSERT INTO `propertyvaluemodel` VALUES ('29', '2', '3', '一级');
INSERT INTO `propertyvaluemodel` VALUES ('30', '2', '4', 'Hisense/海信');
INSERT INTO `propertyvaluemodel` VALUES ('31', '2', '5', '全部支持');
INSERT INTO `propertyvaluemodel` VALUES ('32', '2', '6', '青岛海信电器股份有限公司');
INSERT INTO `propertyvaluemodel` VALUES ('33', '2', '7', ' LED60EC660');
INSERT INTO `propertyvaluemodel` VALUES ('34', '2', '8', '3840x2160');
INSERT INTO `propertyvaluemodel` VALUES ('35', '2', '9', '2016010808');
INSERT INTO `propertyvaluemodel` VALUES ('36', '2', '10', '青岛海信电器股份有限公司');
INSERT INTO `propertyvaluemodel` VALUES ('37', '2', '11', 'LED60K5500');
INSERT INTO `propertyvaluemodel` VALUES ('38', '2', '12', '有效');
INSERT INTO `propertyvaluemodel` VALUES ('39', '2', '13', 'Hisense/海信');
INSERT INTO `propertyvaluemodel` VALUES ('40', '3', '1', 'VIDAA');
INSERT INTO `propertyvaluemodel` VALUES ('41', '3', '2', '无');
INSERT INTO `propertyvaluemodel` VALUES ('42', '3', '3', '一级');
INSERT INTO `propertyvaluemodel` VALUES ('43', '3', '4', 'Hisense/海信');
INSERT INTO `propertyvaluemodel` VALUES ('44', '3', '5', '全部支持');
INSERT INTO `propertyvaluemodel` VALUES ('45', '3', '6', '青岛海信电器股份有限公司');
INSERT INTO `propertyvaluemodel` VALUES ('46', '3', '7', ' LED60EC660');
INSERT INTO `propertyvaluemodel` VALUES ('47', '3', '8', '3840x2160');
INSERT INTO `propertyvaluemodel` VALUES ('48', '3', '9', '2016010808');
INSERT INTO `propertyvaluemodel` VALUES ('49', '3', '10', '青岛海信电器股份有限公司');
INSERT INTO `propertyvaluemodel` VALUES ('50', '3', '11', 'LED60K5500');
INSERT INTO `propertyvaluemodel` VALUES ('51', '3', '12', '有效');
INSERT INTO `propertyvaluemodel` VALUES ('52', '3', '13', 'Hisense/海信');
INSERT INTO `propertyvaluemodel` VALUES ('53', '4', '1', 'VIDAA');
INSERT INTO `propertyvaluemodel` VALUES ('54', '4', '2', '无');
INSERT INTO `propertyvaluemodel` VALUES ('55', '4', '3', '一级');
INSERT INTO `propertyvaluemodel` VALUES ('56', '4', '4', 'Hisense/海信');
INSERT INTO `propertyvaluemodel` VALUES ('57', '4', '5', '全部支持');
INSERT INTO `propertyvaluemodel` VALUES ('58', '4', '6', '青岛海信电器股份有限公司');
INSERT INTO `propertyvaluemodel` VALUES ('59', '4', '7', ' LED60EC660');
INSERT INTO `propertyvaluemodel` VALUES ('60', '4', '8', '3840x2160');
INSERT INTO `propertyvaluemodel` VALUES ('61', '4', '9', '2016010808');
INSERT INTO `propertyvaluemodel` VALUES ('62', '4', '10', '青岛海信电器股份有限公司');
INSERT INTO `propertyvaluemodel` VALUES ('63', '4', '11', 'LED60K5500');
INSERT INTO `propertyvaluemodel` VALUES ('64', '4', '12', '有效');
INSERT INTO `propertyvaluemodel` VALUES ('65', '4', '13', 'Hisense/海信');
INSERT INTO `propertyvaluemodel` VALUES ('66', '5', '1', 'VIDAA');
INSERT INTO `propertyvaluemodel` VALUES ('67', '5', '2', '无');
INSERT INTO `propertyvaluemodel` VALUES ('68', '5', '3', '一级');
INSERT INTO `propertyvaluemodel` VALUES ('69', '5', '4', 'Hisense/海信');
INSERT INTO `propertyvaluemodel` VALUES ('70', '5', '5', '全部支持');
INSERT INTO `propertyvaluemodel` VALUES ('71', '5', '6', '青岛海信电器股份有限公司');
INSERT INTO `propertyvaluemodel` VALUES ('72', '5', '7', ' LED60EC660');
INSERT INTO `propertyvaluemodel` VALUES ('73', '5', '8', '3840x2160');
INSERT INTO `propertyvaluemodel` VALUES ('74', '5', '9', '2016010808');
INSERT INTO `propertyvaluemodel` VALUES ('75', '5', '10', '青岛海信电器股份有限公司');
INSERT INTO `propertyvaluemodel` VALUES ('76', '5', '11', 'LED60K5500');
INSERT INTO `propertyvaluemodel` VALUES ('77', '5', '12', '有效');
INSERT INTO `propertyvaluemodel` VALUES ('78', '5', '13', 'Hisense/海信');
INSERT INTO `propertyvaluemodel` VALUES ('79', '6', '1', 'VIDAA');
INSERT INTO `propertyvaluemodel` VALUES ('80', '6', '2', '无');
INSERT INTO `propertyvaluemodel` VALUES ('81', '6', '3', '一级');
INSERT INTO `propertyvaluemodel` VALUES ('82', '6', '4', 'Hisense/海信');
INSERT INTO `propertyvaluemodel` VALUES ('83', '6', '5', '全部支持');
INSERT INTO `propertyvaluemodel` VALUES ('84', '6', '6', '青岛海信电器股份有限公司');
INSERT INTO `propertyvaluemodel` VALUES ('85', '6', '7', ' LED60EC660');
INSERT INTO `propertyvaluemodel` VALUES ('86', '6', '8', '3840x2160');
INSERT INTO `propertyvaluemodel` VALUES ('87', '6', '9', '2016010808');
INSERT INTO `propertyvaluemodel` VALUES ('88', '6', '10', '青岛海信电器股份有限公司');
INSERT INTO `propertyvaluemodel` VALUES ('89', '6', '11', 'LED60K5500');
INSERT INTO `propertyvaluemodel` VALUES ('90', '6', '12', '有效');
INSERT INTO `propertyvaluemodel` VALUES ('91', '6', '13', 'Hisense/海信');
INSERT INTO `propertyvaluemodel` VALUES ('92', '7', '1', 'VIDAA');
INSERT INTO `propertyvaluemodel` VALUES ('93', '7', '2', '无');
INSERT INTO `propertyvaluemodel` VALUES ('94', '7', '3', '一级');
INSERT INTO `propertyvaluemodel` VALUES ('95', '7', '4', 'Hisense/海信');
INSERT INTO `propertyvaluemodel` VALUES ('96', '7', '5', '全部支持');
INSERT INTO `propertyvaluemodel` VALUES ('97', '7', '6', '青岛海信电器股份有限公司');
INSERT INTO `propertyvaluemodel` VALUES ('98', '7', '7', ' LED60EC660');
INSERT INTO `propertyvaluemodel` VALUES ('99', '7', '8', '3840x2160');
INSERT INTO `propertyvaluemodel` VALUES ('100', '7', '9', '2016010808');
INSERT INTO `propertyvaluemodel` VALUES ('101', '7', '10', '青岛海信电器股份有限公司');
INSERT INTO `propertyvaluemodel` VALUES ('102', '7', '11', 'LED60K5500');
INSERT INTO `propertyvaluemodel` VALUES ('103', '7', '12', '有效');
INSERT INTO `propertyvaluemodel` VALUES ('104', '7', '13', 'Hisense/海信');
INSERT INTO `propertyvaluemodel` VALUES ('105', '8', '1', 'VIDAA');
INSERT INTO `propertyvaluemodel` VALUES ('106', '8', '2', '无');
INSERT INTO `propertyvaluemodel` VALUES ('107', '8', '3', '一级');
INSERT INTO `propertyvaluemodel` VALUES ('108', '8', '4', 'Hisense/海信');
INSERT INTO `propertyvaluemodel` VALUES ('109', '8', '5', '全部支持');
INSERT INTO `propertyvaluemodel` VALUES ('110', '8', '6', '青岛海信电器股份有限公司');
INSERT INTO `propertyvaluemodel` VALUES ('111', '8', '7', ' LED60EC660');
INSERT INTO `propertyvaluemodel` VALUES ('112', '8', '8', '3840x2160');
INSERT INTO `propertyvaluemodel` VALUES ('113', '8', '9', '2016010808');
INSERT INTO `propertyvaluemodel` VALUES ('114', '8', '10', '青岛海信电器股份有限公司');
INSERT INTO `propertyvaluemodel` VALUES ('115', '8', '11', 'LED60K5500');
INSERT INTO `propertyvaluemodel` VALUES ('116', '8', '12', '有效');
INSERT INTO `propertyvaluemodel` VALUES ('117', '8', '13', 'Hisense/海信');
INSERT INTO `propertyvaluemodel` VALUES ('118', '9', '1', 'VIDAA');
INSERT INTO `propertyvaluemodel` VALUES ('119', '9', '2', '无');
INSERT INTO `propertyvaluemodel` VALUES ('120', '9', '3', '一级');
INSERT INTO `propertyvaluemodel` VALUES ('121', '9', '4', 'Hisense/海信');
INSERT INTO `propertyvaluemodel` VALUES ('122', '9', '5', '全部支持');
INSERT INTO `propertyvaluemodel` VALUES ('123', '9', '6', '青岛海信电器股份有限公司');
INSERT INTO `propertyvaluemodel` VALUES ('124', '9', '7', ' LED60EC660');
INSERT INTO `propertyvaluemodel` VALUES ('125', '9', '8', '3840x2160');
INSERT INTO `propertyvaluemodel` VALUES ('126', '9', '9', '2016010808');
INSERT INTO `propertyvaluemodel` VALUES ('127', '9', '10', '青岛海信电器股份有限公司');
INSERT INTO `propertyvaluemodel` VALUES ('128', '9', '11', 'LED60K5500');
INSERT INTO `propertyvaluemodel` VALUES ('129', '9', '12', '有效');
INSERT INTO `propertyvaluemodel` VALUES ('130', '9', '13', 'Hisense/海信');
INSERT INTO `propertyvaluemodel` VALUES ('131', '10', '1', 'VIDAA');
INSERT INTO `propertyvaluemodel` VALUES ('132', '10', '2', '无');
INSERT INTO `propertyvaluemodel` VALUES ('133', '10', '3', '一级');
INSERT INTO `propertyvaluemodel` VALUES ('134', '10', '4', 'Hisense/海信');
INSERT INTO `propertyvaluemodel` VALUES ('135', '10', '5', '全部支持');
INSERT INTO `propertyvaluemodel` VALUES ('136', '10', '6', '青岛海信电器股份有限公司');
INSERT INTO `propertyvaluemodel` VALUES ('137', '10', '7', ' LED60EC660');
INSERT INTO `propertyvaluemodel` VALUES ('138', '10', '8', '3840x2160');
INSERT INTO `propertyvaluemodel` VALUES ('139', '10', '9', '2016010808');
INSERT INTO `propertyvaluemodel` VALUES ('140', '10', '10', '青岛海信电器股份有限公司');
INSERT INTO `propertyvaluemodel` VALUES ('141', '10', '11', 'LED60K5500');
INSERT INTO `propertyvaluemodel` VALUES ('142', '10', '12', '有效');
INSERT INTO `propertyvaluemodel` VALUES ('143', '10', '13', 'Hisense/海信');
INSERT INTO `propertyvaluemodel` VALUES ('144', '11', '1', 'VIDAA');
INSERT INTO `propertyvaluemodel` VALUES ('145', '11', '2', '无');
INSERT INTO `propertyvaluemodel` VALUES ('146', '11', '3', '一级');
INSERT INTO `propertyvaluemodel` VALUES ('147', '11', '4', 'Hisense/海信');
INSERT INTO `propertyvaluemodel` VALUES ('148', '11', '5', '全部支持');
INSERT INTO `propertyvaluemodel` VALUES ('149', '11', '6', '青岛海信电器股份有限公司');
INSERT INTO `propertyvaluemodel` VALUES ('150', '11', '7', ' LED60EC660');
INSERT INTO `propertyvaluemodel` VALUES ('151', '11', '8', '3840x2160');
INSERT INTO `propertyvaluemodel` VALUES ('152', '11', '9', '2016010808');
INSERT INTO `propertyvaluemodel` VALUES ('153', '11', '10', '青岛海信电器股份有限公司');
INSERT INTO `propertyvaluemodel` VALUES ('154', '11', '11', 'LED60K5500');
INSERT INTO `propertyvaluemodel` VALUES ('155', '11', '12', '有效');
INSERT INTO `propertyvaluemodel` VALUES ('156', '11', '13', 'Hisense/海信');
INSERT INTO `propertyvaluemodel` VALUES ('157', '12', '1', 'VIDAA');
INSERT INTO `propertyvaluemodel` VALUES ('158', '12', '2', '无');
INSERT INTO `propertyvaluemodel` VALUES ('159', '12', '3', '一级');
INSERT INTO `propertyvaluemodel` VALUES ('160', '12', '4', 'Hisense/海信');
INSERT INTO `propertyvaluemodel` VALUES ('161', '12', '5', '全部支持');
INSERT INTO `propertyvaluemodel` VALUES ('162', '12', '6', '青岛海信电器股份有限公司');
INSERT INTO `propertyvaluemodel` VALUES ('163', '12', '7', ' LED60EC660');
INSERT INTO `propertyvaluemodel` VALUES ('164', '12', '8', '3840x2160');
INSERT INTO `propertyvaluemodel` VALUES ('165', '12', '9', '2016010808');
INSERT INTO `propertyvaluemodel` VALUES ('166', '12', '10', '青岛海信电器股份有限公司');
INSERT INTO `propertyvaluemodel` VALUES ('167', '12', '11', 'LED60K5500');
INSERT INTO `propertyvaluemodel` VALUES ('168', '12', '12', '有效');
INSERT INTO `propertyvaluemodel` VALUES ('169', '12', '13', 'Hisense/海信');
INSERT INTO `propertyvaluemodel` VALUES ('170', '13', '1', 'VIDAA');
INSERT INTO `propertyvaluemodel` VALUES ('171', '13', '2', '无');
INSERT INTO `propertyvaluemodel` VALUES ('172', '13', '3', '一级');
INSERT INTO `propertyvaluemodel` VALUES ('173', '13', '4', 'Hisense/海信');
INSERT INTO `propertyvaluemodel` VALUES ('174', '13', '5', '全部支持');
INSERT INTO `propertyvaluemodel` VALUES ('175', '13', '6', '青岛海信电器股份有限公司');
INSERT INTO `propertyvaluemodel` VALUES ('176', '13', '7', ' LED60EC660');
INSERT INTO `propertyvaluemodel` VALUES ('177', '13', '8', '3840x2160');
INSERT INTO `propertyvaluemodel` VALUES ('178', '13', '9', '2016010808');
INSERT INTO `propertyvaluemodel` VALUES ('179', '13', '10', '青岛海信电器股份有限公司');
INSERT INTO `propertyvaluemodel` VALUES ('180', '13', '11', 'LED60K5500');
INSERT INTO `propertyvaluemodel` VALUES ('181', '13', '12', '有效');
INSERT INTO `propertyvaluemodel` VALUES ('182', '13', '13', 'Hisense/海信');
INSERT INTO `propertyvaluemodel` VALUES ('183', '14', '1', 'VIDAA');
INSERT INTO `propertyvaluemodel` VALUES ('184', '14', '2', '无');
INSERT INTO `propertyvaluemodel` VALUES ('185', '14', '3', '一级');
INSERT INTO `propertyvaluemodel` VALUES ('186', '14', '4', 'Hisense/海信');
INSERT INTO `propertyvaluemodel` VALUES ('187', '14', '5', '全部支持');
INSERT INTO `propertyvaluemodel` VALUES ('188', '14', '6', '青岛海信电器股份有限公司');
INSERT INTO `propertyvaluemodel` VALUES ('189', '14', '7', ' LED60EC660');
INSERT INTO `propertyvaluemodel` VALUES ('190', '14', '8', '3840x2160');
INSERT INTO `propertyvaluemodel` VALUES ('191', '14', '9', '2016010808');
INSERT INTO `propertyvaluemodel` VALUES ('192', '14', '10', '青岛海信电器股份有限公司');
INSERT INTO `propertyvaluemodel` VALUES ('193', '14', '11', 'LED60K5500');
INSERT INTO `propertyvaluemodel` VALUES ('194', '14', '12', '有效');
INSERT INTO `propertyvaluemodel` VALUES ('195', '14', '13', 'Hisense/海信');
INSERT INTO `propertyvaluemodel` VALUES ('196', '15', '1', 'VIDAA');
INSERT INTO `propertyvaluemodel` VALUES ('197', '15', '2', '无');
INSERT INTO `propertyvaluemodel` VALUES ('198', '15', '3', '一级');
INSERT INTO `propertyvaluemodel` VALUES ('199', '15', '4', 'Hisense/海信');
INSERT INTO `propertyvaluemodel` VALUES ('200', '15', '5', '全部支持');
INSERT INTO `propertyvaluemodel` VALUES ('201', '15', '6', '青岛海信电器股份有限公司');
INSERT INTO `propertyvaluemodel` VALUES ('202', '15', '7', ' LED60EC660');
INSERT INTO `propertyvaluemodel` VALUES ('203', '15', '8', '3840x2160');
INSERT INTO `propertyvaluemodel` VALUES ('204', '15', '9', '2016010808');
INSERT INTO `propertyvaluemodel` VALUES ('205', '15', '10', '青岛海信电器股份有限公司');
INSERT INTO `propertyvaluemodel` VALUES ('206', '15', '11', 'LED60K5500');
INSERT INTO `propertyvaluemodel` VALUES ('207', '15', '12', '有效');
INSERT INTO `propertyvaluemodel` VALUES ('208', '15', '13', 'Hisense/海信');
INSERT INTO `propertyvaluemodel` VALUES ('209', '16', '1', 'VIDAA');
INSERT INTO `propertyvaluemodel` VALUES ('210', '16', '2', '无');
INSERT INTO `propertyvaluemodel` VALUES ('211', '16', '3', '一级');
INSERT INTO `propertyvaluemodel` VALUES ('212', '16', '4', 'Hisense/海信');
INSERT INTO `propertyvaluemodel` VALUES ('213', '16', '5', '全部支持');
INSERT INTO `propertyvaluemodel` VALUES ('214', '16', '6', '青岛海信电器股份有限公司');
INSERT INTO `propertyvaluemodel` VALUES ('215', '16', '7', ' LED60EC660');
INSERT INTO `propertyvaluemodel` VALUES ('216', '16', '8', '3840x2160');
INSERT INTO `propertyvaluemodel` VALUES ('217', '16', '9', '2016010808');
INSERT INTO `propertyvaluemodel` VALUES ('218', '16', '10', '青岛海信电器股份有限公司');
INSERT INTO `propertyvaluemodel` VALUES ('219', '16', '11', 'LED60K5500');
INSERT INTO `propertyvaluemodel` VALUES ('220', '16', '12', '有效');
INSERT INTO `propertyvaluemodel` VALUES ('221', '16', '13', 'Hisense/海信');
INSERT INTO `propertyvaluemodel` VALUES ('222', '17', '1', 'VIDAA');
INSERT INTO `propertyvaluemodel` VALUES ('223', '17', '2', '无');
INSERT INTO `propertyvaluemodel` VALUES ('224', '17', '3', '一级');
INSERT INTO `propertyvaluemodel` VALUES ('225', '17', '4', 'Hisense/海信');
INSERT INTO `propertyvaluemodel` VALUES ('226', '17', '5', '全部支持');
INSERT INTO `propertyvaluemodel` VALUES ('227', '17', '6', '青岛海信电器股份有限公司');
INSERT INTO `propertyvaluemodel` VALUES ('228', '17', '7', ' LED60EC660');
INSERT INTO `propertyvaluemodel` VALUES ('229', '17', '8', '3840x2160');
INSERT INTO `propertyvaluemodel` VALUES ('230', '17', '9', '2016010808');
INSERT INTO `propertyvaluemodel` VALUES ('231', '17', '10', '青岛海信电器股份有限公司');
INSERT INTO `propertyvaluemodel` VALUES ('232', '17', '11', 'LED60K5500');
INSERT INTO `propertyvaluemodel` VALUES ('233', '17', '12', '有效');
INSERT INTO `propertyvaluemodel` VALUES ('234', '17', '13', 'Hisense/海信');
INSERT INTO `propertyvaluemodel` VALUES ('235', '18', '1', 'VIDAA');
INSERT INTO `propertyvaluemodel` VALUES ('236', '18', '2', '无');
INSERT INTO `propertyvaluemodel` VALUES ('237', '18', '3', '一级');
INSERT INTO `propertyvaluemodel` VALUES ('238', '18', '4', 'Hisense/海信');
INSERT INTO `propertyvaluemodel` VALUES ('239', '18', '5', '全部支持');
INSERT INTO `propertyvaluemodel` VALUES ('240', '18', '6', '青岛海信电器股份有限公司');
INSERT INTO `propertyvaluemodel` VALUES ('241', '18', '7', ' LED60EC660');
INSERT INTO `propertyvaluemodel` VALUES ('242', '18', '8', '3840x2160');
INSERT INTO `propertyvaluemodel` VALUES ('243', '18', '9', '2016010808');
INSERT INTO `propertyvaluemodel` VALUES ('244', '18', '10', '青岛海信电器股份有限公司');
INSERT INTO `propertyvaluemodel` VALUES ('245', '18', '11', 'LED60K5500');
INSERT INTO `propertyvaluemodel` VALUES ('246', '18', '12', '有效');
INSERT INTO `propertyvaluemodel` VALUES ('247', '18', '13', 'Hisense/海信');
INSERT INTO `propertyvaluemodel` VALUES ('248', '19', '1', 'VIDAA');
INSERT INTO `propertyvaluemodel` VALUES ('249', '19', '2', '无');
INSERT INTO `propertyvaluemodel` VALUES ('250', '19', '3', '一级');
INSERT INTO `propertyvaluemodel` VALUES ('251', '19', '4', 'Hisense/海信');
INSERT INTO `propertyvaluemodel` VALUES ('252', '19', '5', '全部支持');
INSERT INTO `propertyvaluemodel` VALUES ('253', '19', '6', '青岛海信电器股份有限公司');
INSERT INTO `propertyvaluemodel` VALUES ('254', '19', '7', ' LED60EC660');
INSERT INTO `propertyvaluemodel` VALUES ('255', '19', '8', '3840x2160');
INSERT INTO `propertyvaluemodel` VALUES ('256', '19', '9', '2016010808');
INSERT INTO `propertyvaluemodel` VALUES ('257', '19', '10', '青岛海信电器股份有限公司');
INSERT INTO `propertyvaluemodel` VALUES ('258', '19', '11', 'LED60K5500');
INSERT INTO `propertyvaluemodel` VALUES ('259', '19', '12', '有效');
INSERT INTO `propertyvaluemodel` VALUES ('260', '19', '13', 'Hisense/海信');
INSERT INTO `propertyvaluemodel` VALUES ('261', '20', '1', 'VIDAA');
INSERT INTO `propertyvaluemodel` VALUES ('262', '20', '2', '无');
INSERT INTO `propertyvaluemodel` VALUES ('263', '20', '3', '一级');
INSERT INTO `propertyvaluemodel` VALUES ('264', '20', '4', 'Hisense/海信');
INSERT INTO `propertyvaluemodel` VALUES ('265', '20', '5', '全部支持');
INSERT INTO `propertyvaluemodel` VALUES ('266', '20', '6', '青岛海信电器股份有限公司');
INSERT INTO `propertyvaluemodel` VALUES ('267', '20', '7', ' LED60EC660');
INSERT INTO `propertyvaluemodel` VALUES ('268', '20', '8', '3840x2160');
INSERT INTO `propertyvaluemodel` VALUES ('269', '20', '9', '2016010808');
INSERT INTO `propertyvaluemodel` VALUES ('270', '20', '10', '青岛海信电器股份有限公司');
INSERT INTO `propertyvaluemodel` VALUES ('271', '20', '11', 'LED60K5500');
INSERT INTO `propertyvaluemodel` VALUES ('272', '20', '12', '有效');
INSERT INTO `propertyvaluemodel` VALUES ('273', '20', '13', 'Hisense/海信');
INSERT INTO `propertyvaluemodel` VALUES ('274', '21', '1', 'VIDAA');
INSERT INTO `propertyvaluemodel` VALUES ('275', '21', '2', '无');
INSERT INTO `propertyvaluemodel` VALUES ('276', '21', '3', '一级');
INSERT INTO `propertyvaluemodel` VALUES ('277', '21', '4', 'Hisense/海信');
INSERT INTO `propertyvaluemodel` VALUES ('278', '21', '5', '全部支持');
INSERT INTO `propertyvaluemodel` VALUES ('279', '21', '6', '青岛海信电器股份有限公司');
INSERT INTO `propertyvaluemodel` VALUES ('280', '21', '7', ' LED60EC660');
INSERT INTO `propertyvaluemodel` VALUES ('281', '21', '8', '3840x2160');
INSERT INTO `propertyvaluemodel` VALUES ('282', '21', '9', '2016010808');
INSERT INTO `propertyvaluemodel` VALUES ('283', '21', '10', '青岛海信电器股份有限公司');
INSERT INTO `propertyvaluemodel` VALUES ('284', '21', '11', 'LED60K5500');
INSERT INTO `propertyvaluemodel` VALUES ('285', '21', '12', '有效');
INSERT INTO `propertyvaluemodel` VALUES ('286', '21', '13', 'Hisense/海信');
INSERT INTO `propertyvaluemodel` VALUES ('287', '22', '1', 'VIDAA');
INSERT INTO `propertyvaluemodel` VALUES ('288', '22', '2', '无');
INSERT INTO `propertyvaluemodel` VALUES ('289', '22', '3', '一级');
INSERT INTO `propertyvaluemodel` VALUES ('290', '22', '4', 'Hisense/海信');
INSERT INTO `propertyvaluemodel` VALUES ('291', '22', '5', '全部支持');
INSERT INTO `propertyvaluemodel` VALUES ('292', '22', '6', '青岛海信电器股份有限公司');
INSERT INTO `propertyvaluemodel` VALUES ('293', '22', '7', ' LED60EC660');
INSERT INTO `propertyvaluemodel` VALUES ('294', '22', '8', '3840x2160');
INSERT INTO `propertyvaluemodel` VALUES ('295', '22', '9', '2016010808');
INSERT INTO `propertyvaluemodel` VALUES ('296', '22', '10', '青岛海信电器股份有限公司');
INSERT INTO `propertyvaluemodel` VALUES ('297', '22', '11', 'LED60K5500');
INSERT INTO `propertyvaluemodel` VALUES ('298', '22', '12', '有效');
INSERT INTO `propertyvaluemodel` VALUES ('299', '22', '13', 'Hisense/海信');
INSERT INTO `propertyvaluemodel` VALUES ('300', '23', '1', 'VIDAA');
INSERT INTO `propertyvaluemodel` VALUES ('301', '23', '2', '无');
INSERT INTO `propertyvaluemodel` VALUES ('302', '23', '3', '一级');
INSERT INTO `propertyvaluemodel` VALUES ('303', '23', '4', 'Hisense/海信');
INSERT INTO `propertyvaluemodel` VALUES ('304', '23', '5', '全部支持');
INSERT INTO `propertyvaluemodel` VALUES ('305', '23', '6', '青岛海信电器股份有限公司');
INSERT INTO `propertyvaluemodel` VALUES ('306', '23', '7', ' LED60EC660');
INSERT INTO `propertyvaluemodel` VALUES ('307', '23', '8', '3840x2160');
INSERT INTO `propertyvaluemodel` VALUES ('308', '23', '9', '2016010808');
INSERT INTO `propertyvaluemodel` VALUES ('309', '23', '10', '青岛海信电器股份有限公司');
INSERT INTO `propertyvaluemodel` VALUES ('310', '23', '11', 'LED60K5500');
INSERT INTO `propertyvaluemodel` VALUES ('311', '23', '12', '有效');
INSERT INTO `propertyvaluemodel` VALUES ('312', '23', '13', 'Hisense/海信');
INSERT INTO `propertyvaluemodel` VALUES ('313', '24', '1', 'VIDAA');
INSERT INTO `propertyvaluemodel` VALUES ('314', '24', '2', '无');
INSERT INTO `propertyvaluemodel` VALUES ('315', '24', '3', '一级');
INSERT INTO `propertyvaluemodel` VALUES ('316', '24', '4', 'Hisense/海信');
INSERT INTO `propertyvaluemodel` VALUES ('317', '24', '5', '全部支持');
INSERT INTO `propertyvaluemodel` VALUES ('318', '24', '6', '青岛海信电器股份有限公司');
INSERT INTO `propertyvaluemodel` VALUES ('319', '24', '7', ' LED60EC660');
INSERT INTO `propertyvaluemodel` VALUES ('320', '24', '8', '3840x2160');
INSERT INTO `propertyvaluemodel` VALUES ('321', '24', '9', '2016010808');
INSERT INTO `propertyvaluemodel` VALUES ('322', '24', '10', '青岛海信电器股份有限公司');
INSERT INTO `propertyvaluemodel` VALUES ('323', '24', '11', 'LED60K5500');
INSERT INTO `propertyvaluemodel` VALUES ('324', '24', '12', '有效');
INSERT INTO `propertyvaluemodel` VALUES ('325', '24', '13', 'Hisense/海信');
INSERT INTO `propertyvaluemodel` VALUES ('326', '25', '1', 'VIDAA');
INSERT INTO `propertyvaluemodel` VALUES ('327', '25', '2', '无');
INSERT INTO `propertyvaluemodel` VALUES ('328', '25', '3', '一级');
INSERT INTO `propertyvaluemodel` VALUES ('329', '25', '4', 'Hisense/海信');
INSERT INTO `propertyvaluemodel` VALUES ('330', '25', '5', '全部支持');
INSERT INTO `propertyvaluemodel` VALUES ('331', '25', '6', '青岛海信电器股份有限公司');
INSERT INTO `propertyvaluemodel` VALUES ('332', '25', '7', ' LED60EC660');
INSERT INTO `propertyvaluemodel` VALUES ('333', '25', '8', '3840x2160');
INSERT INTO `propertyvaluemodel` VALUES ('334', '25', '9', '2016010808');
INSERT INTO `propertyvaluemodel` VALUES ('335', '25', '10', '青岛海信电器股份有限公司');
INSERT INTO `propertyvaluemodel` VALUES ('336', '25', '11', 'LED60K5500');
INSERT INTO `propertyvaluemodel` VALUES ('337', '25', '12', '有效');
INSERT INTO `propertyvaluemodel` VALUES ('338', '25', '13', 'Hisense/海信');
INSERT INTO `propertyvaluemodel` VALUES ('339', '26', '1', 'VIDAA');
INSERT INTO `propertyvaluemodel` VALUES ('340', '26', '2', '无');
INSERT INTO `propertyvaluemodel` VALUES ('341', '26', '3', '一级');
INSERT INTO `propertyvaluemodel` VALUES ('342', '26', '4', 'Hisense/海信');
INSERT INTO `propertyvaluemodel` VALUES ('343', '26', '5', '全部支持');
INSERT INTO `propertyvaluemodel` VALUES ('344', '26', '6', '青岛海信电器股份有限公司');
INSERT INTO `propertyvaluemodel` VALUES ('345', '26', '7', ' LED60EC660');
INSERT INTO `propertyvaluemodel` VALUES ('346', '26', '8', '3840x2160');
INSERT INTO `propertyvaluemodel` VALUES ('347', '26', '9', '2016010808');
INSERT INTO `propertyvaluemodel` VALUES ('348', '26', '10', '青岛海信电器股份有限公司');
INSERT INTO `propertyvaluemodel` VALUES ('349', '26', '11', 'LED60K5500');
INSERT INTO `propertyvaluemodel` VALUES ('350', '26', '12', '有效');
INSERT INTO `propertyvaluemodel` VALUES ('351', '26', '13', 'Hisense/海信');
INSERT INTO `propertyvaluemodel` VALUES ('352', '27', '1', 'VIDAA');
INSERT INTO `propertyvaluemodel` VALUES ('353', '27', '2', '无');
INSERT INTO `propertyvaluemodel` VALUES ('354', '27', '3', '一级');
INSERT INTO `propertyvaluemodel` VALUES ('355', '27', '4', 'Hisense/海信');
INSERT INTO `propertyvaluemodel` VALUES ('356', '27', '5', '全部支持');
INSERT INTO `propertyvaluemodel` VALUES ('357', '27', '6', '青岛海信电器股份有限公司');
INSERT INTO `propertyvaluemodel` VALUES ('358', '27', '7', ' LED60EC660');
INSERT INTO `propertyvaluemodel` VALUES ('359', '27', '8', '3840x2160');
INSERT INTO `propertyvaluemodel` VALUES ('360', '27', '9', '2016010808');
INSERT INTO `propertyvaluemodel` VALUES ('361', '27', '10', '青岛海信电器股份有限公司');
INSERT INTO `propertyvaluemodel` VALUES ('362', '27', '11', 'LED60K5500');
INSERT INTO `propertyvaluemodel` VALUES ('363', '27', '12', '有效');
INSERT INTO `propertyvaluemodel` VALUES ('364', '27', '13', 'Hisense/海信');
INSERT INTO `propertyvaluemodel` VALUES ('365', '28', '1', 'VIDAA');
INSERT INTO `propertyvaluemodel` VALUES ('366', '28', '2', '无');
INSERT INTO `propertyvaluemodel` VALUES ('367', '28', '3', '一级');
INSERT INTO `propertyvaluemodel` VALUES ('368', '28', '4', 'Hisense/海信');
INSERT INTO `propertyvaluemodel` VALUES ('369', '28', '5', '全部支持');
INSERT INTO `propertyvaluemodel` VALUES ('370', '28', '6', '青岛海信电器股份有限公司');
INSERT INTO `propertyvaluemodel` VALUES ('371', '28', '7', ' LED60EC660');
INSERT INTO `propertyvaluemodel` VALUES ('372', '28', '8', '3840x2160');
INSERT INTO `propertyvaluemodel` VALUES ('373', '28', '9', '2016010808');
INSERT INTO `propertyvaluemodel` VALUES ('374', '28', '10', '青岛海信电器股份有限公司');
INSERT INTO `propertyvaluemodel` VALUES ('375', '28', '11', 'LED60K5500');
INSERT INTO `propertyvaluemodel` VALUES ('376', '28', '12', '有效');
INSERT INTO `propertyvaluemodel` VALUES ('377', '28', '13', 'Hisense/海信');
INSERT INTO `propertyvaluemodel` VALUES ('378', '29', '1', 'VIDAA');
INSERT INTO `propertyvaluemodel` VALUES ('379', '29', '2', '无');
INSERT INTO `propertyvaluemodel` VALUES ('380', '29', '3', '一级');
INSERT INTO `propertyvaluemodel` VALUES ('381', '29', '4', 'Hisense/海信');
INSERT INTO `propertyvaluemodel` VALUES ('382', '29', '5', '全部支持');
INSERT INTO `propertyvaluemodel` VALUES ('383', '29', '6', '青岛海信电器股份有限公司');
INSERT INTO `propertyvaluemodel` VALUES ('384', '29', '7', ' LED60EC660');
INSERT INTO `propertyvaluemodel` VALUES ('385', '29', '8', '3840x2160');
INSERT INTO `propertyvaluemodel` VALUES ('386', '29', '9', '2016010808');
INSERT INTO `propertyvaluemodel` VALUES ('387', '29', '10', '青岛海信电器股份有限公司');
INSERT INTO `propertyvaluemodel` VALUES ('388', '29', '11', 'LED60K5500');
INSERT INTO `propertyvaluemodel` VALUES ('389', '29', '12', '有效');
INSERT INTO `propertyvaluemodel` VALUES ('390', '29', '13', 'Hisense/海信');
INSERT INTO `propertyvaluemodel` VALUES ('391', '30', '1', 'VIDAA');
INSERT INTO `propertyvaluemodel` VALUES ('392', '30', '2', '无');
INSERT INTO `propertyvaluemodel` VALUES ('393', '30', '3', '一级');
INSERT INTO `propertyvaluemodel` VALUES ('394', '30', '4', 'Hisense/海信');
INSERT INTO `propertyvaluemodel` VALUES ('395', '30', '5', '全部支持');
INSERT INTO `propertyvaluemodel` VALUES ('396', '30', '6', '青岛海信电器股份有限公司');
INSERT INTO `propertyvaluemodel` VALUES ('397', '30', '7', ' LED60EC660');
INSERT INTO `propertyvaluemodel` VALUES ('398', '30', '8', '3840x2160');
INSERT INTO `propertyvaluemodel` VALUES ('399', '30', '9', '2016010808');
INSERT INTO `propertyvaluemodel` VALUES ('400', '30', '10', '青岛海信电器股份有限公司');
INSERT INTO `propertyvaluemodel` VALUES ('401', '30', '11', 'LED60K5500');
INSERT INTO `propertyvaluemodel` VALUES ('402', '30', '12', '有效');
INSERT INTO `propertyvaluemodel` VALUES ('403', '30', '13', 'Hisense/海信');
INSERT INTO `propertyvaluemodel` VALUES ('404', '31', '1', 'VIDAA');
INSERT INTO `propertyvaluemodel` VALUES ('405', '31', '2', '无');
INSERT INTO `propertyvaluemodel` VALUES ('406', '31', '3', '一级');
INSERT INTO `propertyvaluemodel` VALUES ('407', '31', '4', 'Hisense/海信');
INSERT INTO `propertyvaluemodel` VALUES ('408', '31', '5', '全部支持');
INSERT INTO `propertyvaluemodel` VALUES ('409', '31', '6', '青岛海信电器股份有限公司');
INSERT INTO `propertyvaluemodel` VALUES ('410', '31', '7', ' LED60EC660');
INSERT INTO `propertyvaluemodel` VALUES ('411', '31', '8', '3840x2160');
INSERT INTO `propertyvaluemodel` VALUES ('412', '31', '9', '2016010808');
INSERT INTO `propertyvaluemodel` VALUES ('413', '31', '10', '青岛海信电器股份有限公司');
INSERT INTO `propertyvaluemodel` VALUES ('414', '31', '11', 'LED60K5500');
INSERT INTO `propertyvaluemodel` VALUES ('415', '31', '12', '有效');
INSERT INTO `propertyvaluemodel` VALUES ('416', '31', '13', 'Hisense/海信');
INSERT INTO `propertyvaluemodel` VALUES ('417', '32', '1', 'VIDAA');
INSERT INTO `propertyvaluemodel` VALUES ('418', '32', '2', '无');
INSERT INTO `propertyvaluemodel` VALUES ('419', '32', '3', '一级');
INSERT INTO `propertyvaluemodel` VALUES ('420', '32', '4', 'Hisense/海信');
INSERT INTO `propertyvaluemodel` VALUES ('421', '32', '5', '全部支持');
INSERT INTO `propertyvaluemodel` VALUES ('422', '32', '6', '青岛海信电器股份有限公司');
INSERT INTO `propertyvaluemodel` VALUES ('423', '32', '7', ' LED60EC660');
INSERT INTO `propertyvaluemodel` VALUES ('424', '32', '8', '3840x2160');
INSERT INTO `propertyvaluemodel` VALUES ('425', '32', '9', '2016010808');
INSERT INTO `propertyvaluemodel` VALUES ('426', '32', '10', '青岛海信电器股份有限公司');
INSERT INTO `propertyvaluemodel` VALUES ('427', '32', '11', 'LED60K5500');
INSERT INTO `propertyvaluemodel` VALUES ('428', '32', '12', '有效');
INSERT INTO `propertyvaluemodel` VALUES ('429', '32', '13', 'Hisense/海信');
INSERT INTO `propertyvaluemodel` VALUES ('430', '34', '14', '同城物流送货上门');
INSERT INTO `propertyvaluemodel` VALUES ('431', '34', '15', '3/6L');
INSERT INTO `propertyvaluemodel` VALUES ('432', '34', '17', '银色');
INSERT INTO `propertyvaluemodel` VALUES ('433', '34', '18', '70kg及以上');
INSERT INTO `propertyvaluemodel` VALUES ('434', '34', '19', '305mm 400m');
INSERT INTO `propertyvaluemodel` VALUES ('435', '34', '20', ' PP板');
INSERT INTO `propertyvaluemodel` VALUES ('436', '34', '21', '地排水');
INSERT INTO `propertyvaluemodel` VALUES ('437', '34', '22', '喷射虹吸式');
INSERT INTO `propertyvaluemodel` VALUES ('438', '34', '23', 'AB1116');
INSERT INTO `propertyvaluemodel` VALUES ('439', '34', '24', '缓冲');
INSERT INTO `propertyvaluemodel` VALUES ('440', '34', '25', '连体式');
INSERT INTO `propertyvaluemodel` VALUES ('441', '34', '26', '上按两端式');
INSERT INTO `propertyvaluemodel` VALUES ('442', '34', '27', 'ARROW/箭牌');
INSERT INTO `propertyvaluemodel` VALUES ('443', '35', '14', '同城物流送货上门');
INSERT INTO `propertyvaluemodel` VALUES ('444', '35', '15', '3/6L');
INSERT INTO `propertyvaluemodel` VALUES ('445', '35', '17', '银色');
INSERT INTO `propertyvaluemodel` VALUES ('446', '35', '18', '70kg及以上');
INSERT INTO `propertyvaluemodel` VALUES ('447', '35', '19', '305mm 400m');
INSERT INTO `propertyvaluemodel` VALUES ('448', '35', '20', ' PP板');
INSERT INTO `propertyvaluemodel` VALUES ('449', '35', '21', '地排水');
INSERT INTO `propertyvaluemodel` VALUES ('450', '35', '22', '喷射虹吸式');
INSERT INTO `propertyvaluemodel` VALUES ('451', '35', '23', 'AB1116');
INSERT INTO `propertyvaluemodel` VALUES ('452', '35', '24', '缓冲');
INSERT INTO `propertyvaluemodel` VALUES ('453', '35', '25', '连体式');
INSERT INTO `propertyvaluemodel` VALUES ('454', '35', '26', '上按两端式');
INSERT INTO `propertyvaluemodel` VALUES ('455', '35', '27', 'ARROW/箭牌');
INSERT INTO `propertyvaluemodel` VALUES ('456', '36', '14', '同城物流送货上门');
INSERT INTO `propertyvaluemodel` VALUES ('457', '36', '15', '3/6L');
INSERT INTO `propertyvaluemodel` VALUES ('458', '36', '17', '银色');
INSERT INTO `propertyvaluemodel` VALUES ('459', '36', '18', '70kg及以上');
INSERT INTO `propertyvaluemodel` VALUES ('460', '36', '19', '305mm 400m');
INSERT INTO `propertyvaluemodel` VALUES ('461', '36', '20', ' PP板');
INSERT INTO `propertyvaluemodel` VALUES ('462', '36', '21', '地排水');
INSERT INTO `propertyvaluemodel` VALUES ('463', '36', '22', '喷射虹吸式');
INSERT INTO `propertyvaluemodel` VALUES ('464', '36', '23', 'AB1116');
INSERT INTO `propertyvaluemodel` VALUES ('465', '36', '24', '缓冲');
INSERT INTO `propertyvaluemodel` VALUES ('466', '36', '25', '连体式');
INSERT INTO `propertyvaluemodel` VALUES ('467', '36', '26', '上按两端式');
INSERT INTO `propertyvaluemodel` VALUES ('468', '36', '27', 'ARROW/箭牌');
INSERT INTO `propertyvaluemodel` VALUES ('469', '37', '14', '同城物流送货上门');
INSERT INTO `propertyvaluemodel` VALUES ('470', '37', '15', '3/6L');
INSERT INTO `propertyvaluemodel` VALUES ('471', '37', '17', '银色');
INSERT INTO `propertyvaluemodel` VALUES ('472', '37', '18', '70kg及以上');
INSERT INTO `propertyvaluemodel` VALUES ('473', '37', '19', '305mm 400m');
INSERT INTO `propertyvaluemodel` VALUES ('474', '37', '20', ' PP板');
INSERT INTO `propertyvaluemodel` VALUES ('475', '37', '21', '地排水');
INSERT INTO `propertyvaluemodel` VALUES ('476', '37', '22', '喷射虹吸式');
INSERT INTO `propertyvaluemodel` VALUES ('477', '37', '23', 'AB1116');
INSERT INTO `propertyvaluemodel` VALUES ('478', '37', '24', '缓冲');
INSERT INTO `propertyvaluemodel` VALUES ('479', '37', '25', '连体式');
INSERT INTO `propertyvaluemodel` VALUES ('480', '37', '26', '上按两端式');
INSERT INTO `propertyvaluemodel` VALUES ('481', '37', '27', 'ARROW/箭牌');
INSERT INTO `propertyvaluemodel` VALUES ('482', '38', '14', '同城物流送货上门');
INSERT INTO `propertyvaluemodel` VALUES ('483', '38', '15', '3/6L');
INSERT INTO `propertyvaluemodel` VALUES ('484', '38', '17', '银色');
INSERT INTO `propertyvaluemodel` VALUES ('485', '38', '18', '70kg及以上');
INSERT INTO `propertyvaluemodel` VALUES ('486', '38', '19', '305mm 400m');
INSERT INTO `propertyvaluemodel` VALUES ('487', '38', '20', ' PP板');
INSERT INTO `propertyvaluemodel` VALUES ('488', '38', '21', '地排水');
INSERT INTO `propertyvaluemodel` VALUES ('489', '38', '22', '喷射虹吸式');
INSERT INTO `propertyvaluemodel` VALUES ('490', '38', '23', 'AB1116');
INSERT INTO `propertyvaluemodel` VALUES ('491', '38', '24', '缓冲');
INSERT INTO `propertyvaluemodel` VALUES ('492', '38', '25', '连体式');
INSERT INTO `propertyvaluemodel` VALUES ('493', '38', '26', '上按两端式');
INSERT INTO `propertyvaluemodel` VALUES ('494', '38', '27', 'ARROW/箭牌');
INSERT INTO `propertyvaluemodel` VALUES ('495', '39', '14', '同城物流送货上门');
INSERT INTO `propertyvaluemodel` VALUES ('496', '39', '15', '3/6L');
INSERT INTO `propertyvaluemodel` VALUES ('497', '39', '17', '银色');
INSERT INTO `propertyvaluemodel` VALUES ('498', '39', '18', '70kg及以上');
INSERT INTO `propertyvaluemodel` VALUES ('499', '39', '19', '305mm 400m');
INSERT INTO `propertyvaluemodel` VALUES ('500', '39', '20', ' PP板');
INSERT INTO `propertyvaluemodel` VALUES ('501', '39', '21', '地排水');
INSERT INTO `propertyvaluemodel` VALUES ('502', '39', '22', '喷射虹吸式');
INSERT INTO `propertyvaluemodel` VALUES ('503', '39', '23', 'AB1116');
INSERT INTO `propertyvaluemodel` VALUES ('504', '39', '24', '缓冲');
INSERT INTO `propertyvaluemodel` VALUES ('505', '39', '25', '连体式');
INSERT INTO `propertyvaluemodel` VALUES ('506', '39', '26', '上按两端式');
INSERT INTO `propertyvaluemodel` VALUES ('507', '39', '27', 'ARROW/箭牌');
INSERT INTO `propertyvaluemodel` VALUES ('508', '40', '14', '同城物流送货上门');
INSERT INTO `propertyvaluemodel` VALUES ('509', '40', '15', '3/6L');
INSERT INTO `propertyvaluemodel` VALUES ('510', '40', '17', '银色');
INSERT INTO `propertyvaluemodel` VALUES ('511', '40', '18', '70kg及以上');
INSERT INTO `propertyvaluemodel` VALUES ('512', '40', '19', '305mm 400m');
INSERT INTO `propertyvaluemodel` VALUES ('513', '40', '20', ' PP板');
INSERT INTO `propertyvaluemodel` VALUES ('514', '40', '21', '地排水');
INSERT INTO `propertyvaluemodel` VALUES ('515', '40', '22', '喷射虹吸式');
INSERT INTO `propertyvaluemodel` VALUES ('516', '40', '23', 'AB1116');
INSERT INTO `propertyvaluemodel` VALUES ('517', '40', '24', '缓冲');
INSERT INTO `propertyvaluemodel` VALUES ('518', '40', '25', '连体式');
INSERT INTO `propertyvaluemodel` VALUES ('519', '40', '26', '上按两端式');
INSERT INTO `propertyvaluemodel` VALUES ('520', '40', '27', 'ARROW/箭牌');
INSERT INTO `propertyvaluemodel` VALUES ('521', '41', '14', '同城物流送货上门');
INSERT INTO `propertyvaluemodel` VALUES ('522', '41', '15', '3/6L');
INSERT INTO `propertyvaluemodel` VALUES ('523', '41', '17', '银色');
INSERT INTO `propertyvaluemodel` VALUES ('524', '41', '18', '70kg及以上');
INSERT INTO `propertyvaluemodel` VALUES ('525', '41', '19', '305mm 400m');
INSERT INTO `propertyvaluemodel` VALUES ('526', '41', '20', ' PP板');
INSERT INTO `propertyvaluemodel` VALUES ('527', '41', '21', '地排水');
INSERT INTO `propertyvaluemodel` VALUES ('528', '41', '22', '喷射虹吸式');
INSERT INTO `propertyvaluemodel` VALUES ('529', '41', '23', 'AB1116');
INSERT INTO `propertyvaluemodel` VALUES ('530', '41', '24', '缓冲');
INSERT INTO `propertyvaluemodel` VALUES ('531', '41', '25', '连体式');
INSERT INTO `propertyvaluemodel` VALUES ('532', '41', '26', '上按两端式');
INSERT INTO `propertyvaluemodel` VALUES ('533', '41', '27', 'ARROW/箭牌');
INSERT INTO `propertyvaluemodel` VALUES ('534', '42', '14', '同城物流送货上门');
INSERT INTO `propertyvaluemodel` VALUES ('535', '42', '15', '3/6L');
INSERT INTO `propertyvaluemodel` VALUES ('536', '42', '17', '银色');
INSERT INTO `propertyvaluemodel` VALUES ('537', '42', '18', '70kg及以上');
INSERT INTO `propertyvaluemodel` VALUES ('538', '42', '19', '305mm 400m');
INSERT INTO `propertyvaluemodel` VALUES ('539', '42', '20', ' PP板');
INSERT INTO `propertyvaluemodel` VALUES ('540', '42', '21', '地排水');
INSERT INTO `propertyvaluemodel` VALUES ('541', '42', '22', '喷射虹吸式');
INSERT INTO `propertyvaluemodel` VALUES ('542', '42', '23', 'AB1116');
INSERT INTO `propertyvaluemodel` VALUES ('543', '42', '24', '缓冲');
INSERT INTO `propertyvaluemodel` VALUES ('544', '42', '25', '连体式');
INSERT INTO `propertyvaluemodel` VALUES ('545', '42', '26', '上按两端式');
INSERT INTO `propertyvaluemodel` VALUES ('546', '42', '27', 'ARROW/箭牌');
INSERT INTO `propertyvaluemodel` VALUES ('547', '43', '14', '同城物流送货上门');
INSERT INTO `propertyvaluemodel` VALUES ('548', '43', '15', '3/6L');
INSERT INTO `propertyvaluemodel` VALUES ('549', '43', '17', '银色');
INSERT INTO `propertyvaluemodel` VALUES ('550', '43', '18', '70kg及以上');
INSERT INTO `propertyvaluemodel` VALUES ('551', '43', '19', '305mm 400m');
INSERT INTO `propertyvaluemodel` VALUES ('552', '43', '20', ' PP板');
INSERT INTO `propertyvaluemodel` VALUES ('553', '43', '21', '地排水');
INSERT INTO `propertyvaluemodel` VALUES ('554', '43', '22', '喷射虹吸式');
INSERT INTO `propertyvaluemodel` VALUES ('555', '43', '23', 'AB1116');
INSERT INTO `propertyvaluemodel` VALUES ('556', '43', '24', '缓冲');
INSERT INTO `propertyvaluemodel` VALUES ('557', '43', '25', '连体式');
INSERT INTO `propertyvaluemodel` VALUES ('558', '43', '26', '上按两端式');
INSERT INTO `propertyvaluemodel` VALUES ('559', '43', '27', 'ARROW/箭牌');
INSERT INTO `propertyvaluemodel` VALUES ('560', '44', '14', '同城物流送货上门');
INSERT INTO `propertyvaluemodel` VALUES ('561', '44', '15', '3/6L');
INSERT INTO `propertyvaluemodel` VALUES ('562', '44', '17', '银色');
INSERT INTO `propertyvaluemodel` VALUES ('563', '44', '18', '70kg及以上');
INSERT INTO `propertyvaluemodel` VALUES ('564', '44', '19', '305mm 400m');
INSERT INTO `propertyvaluemodel` VALUES ('565', '44', '20', ' PP板');
INSERT INTO `propertyvaluemodel` VALUES ('566', '44', '21', '地排水');
INSERT INTO `propertyvaluemodel` VALUES ('567', '44', '22', '喷射虹吸式');
INSERT INTO `propertyvaluemodel` VALUES ('568', '44', '23', 'AB1116');
INSERT INTO `propertyvaluemodel` VALUES ('569', '44', '24', '缓冲');
INSERT INTO `propertyvaluemodel` VALUES ('570', '44', '25', '连体式');
INSERT INTO `propertyvaluemodel` VALUES ('571', '44', '26', '上按两端式');
INSERT INTO `propertyvaluemodel` VALUES ('572', '44', '27', 'ARROW/箭牌');
INSERT INTO `propertyvaluemodel` VALUES ('573', '45', '14', '同城物流送货上门');
INSERT INTO `propertyvaluemodel` VALUES ('574', '45', '15', '3/6L');
INSERT INTO `propertyvaluemodel` VALUES ('575', '45', '17', '银色');
INSERT INTO `propertyvaluemodel` VALUES ('576', '45', '18', '70kg及以上');
INSERT INTO `propertyvaluemodel` VALUES ('577', '45', '19', '305mm 400m');
INSERT INTO `propertyvaluemodel` VALUES ('578', '45', '20', ' PP板');
INSERT INTO `propertyvaluemodel` VALUES ('579', '45', '21', '地排水');
INSERT INTO `propertyvaluemodel` VALUES ('580', '45', '22', '喷射虹吸式');
INSERT INTO `propertyvaluemodel` VALUES ('581', '45', '23', 'AB1116');
INSERT INTO `propertyvaluemodel` VALUES ('582', '45', '24', '缓冲');
INSERT INTO `propertyvaluemodel` VALUES ('583', '45', '25', '连体式');
INSERT INTO `propertyvaluemodel` VALUES ('584', '45', '26', '上按两端式');
INSERT INTO `propertyvaluemodel` VALUES ('585', '45', '27', 'ARROW/箭牌');
INSERT INTO `propertyvaluemodel` VALUES ('586', '46', '14', '同城物流送货上门');
INSERT INTO `propertyvaluemodel` VALUES ('587', '46', '15', '3/6L');
INSERT INTO `propertyvaluemodel` VALUES ('588', '46', '17', '银色');
INSERT INTO `propertyvaluemodel` VALUES ('589', '46', '18', '70kg及以上');
INSERT INTO `propertyvaluemodel` VALUES ('590', '46', '19', '305mm 400m');
INSERT INTO `propertyvaluemodel` VALUES ('591', '46', '20', ' PP板');
INSERT INTO `propertyvaluemodel` VALUES ('592', '46', '21', '地排水');
INSERT INTO `propertyvaluemodel` VALUES ('593', '46', '22', '喷射虹吸式');
INSERT INTO `propertyvaluemodel` VALUES ('594', '46', '23', 'AB1116');
INSERT INTO `propertyvaluemodel` VALUES ('595', '46', '24', '缓冲');
INSERT INTO `propertyvaluemodel` VALUES ('596', '46', '25', '连体式');
INSERT INTO `propertyvaluemodel` VALUES ('597', '46', '26', '上按两端式');
INSERT INTO `propertyvaluemodel` VALUES ('598', '46', '27', 'ARROW/箭牌');
INSERT INTO `propertyvaluemodel` VALUES ('599', '47', '14', '同城物流送货上门');
INSERT INTO `propertyvaluemodel` VALUES ('600', '47', '15', '3/6L');
INSERT INTO `propertyvaluemodel` VALUES ('601', '47', '17', '银色');
INSERT INTO `propertyvaluemodel` VALUES ('602', '47', '18', '70kg及以上');
INSERT INTO `propertyvaluemodel` VALUES ('603', '47', '19', '305mm 400m');
INSERT INTO `propertyvaluemodel` VALUES ('604', '47', '20', ' PP板');
INSERT INTO `propertyvaluemodel` VALUES ('605', '47', '21', '地排水');
INSERT INTO `propertyvaluemodel` VALUES ('606', '47', '22', '喷射虹吸式');
INSERT INTO `propertyvaluemodel` VALUES ('607', '47', '23', 'AB1116');
INSERT INTO `propertyvaluemodel` VALUES ('608', '47', '24', '缓冲');
INSERT INTO `propertyvaluemodel` VALUES ('609', '47', '25', '连体式');
INSERT INTO `propertyvaluemodel` VALUES ('610', '47', '26', '上按两端式');
INSERT INTO `propertyvaluemodel` VALUES ('611', '47', '27', 'ARROW/箭牌');
INSERT INTO `propertyvaluemodel` VALUES ('612', '48', '14', '同城物流送货上门');
INSERT INTO `propertyvaluemodel` VALUES ('613', '48', '15', '3/6L');
INSERT INTO `propertyvaluemodel` VALUES ('614', '48', '17', '银色');
INSERT INTO `propertyvaluemodel` VALUES ('615', '48', '18', '70kg及以上');
INSERT INTO `propertyvaluemodel` VALUES ('616', '48', '19', '305mm 400m');
INSERT INTO `propertyvaluemodel` VALUES ('617', '48', '20', ' PP板');
INSERT INTO `propertyvaluemodel` VALUES ('618', '48', '21', '地排水');
INSERT INTO `propertyvaluemodel` VALUES ('619', '48', '22', '喷射虹吸式');
INSERT INTO `propertyvaluemodel` VALUES ('620', '48', '23', 'AB1116');
INSERT INTO `propertyvaluemodel` VALUES ('621', '48', '24', '缓冲');
INSERT INTO `propertyvaluemodel` VALUES ('622', '48', '25', '连体式');
INSERT INTO `propertyvaluemodel` VALUES ('623', '48', '26', '上按两端式');
INSERT INTO `propertyvaluemodel` VALUES ('624', '48', '27', 'ARROW/箭牌');
INSERT INTO `propertyvaluemodel` VALUES ('625', '49', '28', '无安装说明');
INSERT INTO `propertyvaluemodel` VALUES ('627', '49', '29', ' 是');
INSERT INTO `propertyvaluemodel` VALUES ('628', '49', '30', '其他');
INSERT INTO `propertyvaluemodel` VALUES ('629', '49', '31', '2040');
INSERT INTO `propertyvaluemodel` VALUES ('630', '49', '32', '否');
INSERT INTO `propertyvaluemodel` VALUES ('631', '49', '33', '软');
INSERT INTO `propertyvaluemodel` VALUES ('632', '49', '34', '海绵');
INSERT INTO `propertyvaluemodel` VALUES ('633', '49', '35', '经济型');
INSERT INTO `propertyvaluemodel` VALUES ('634', '49', '36', '木');
INSERT INTO `propertyvaluemodel` VALUES ('635', '49', '37', '成人');
INSERT INTO `propertyvaluemodel` VALUES ('636', '49', '38', '林氏木业');
INSERT INTO `propertyvaluemodel` VALUES ('637', '49', '39', '否');
INSERT INTO `propertyvaluemodel` VALUES ('638', '49', '40', '广东省');
INSERT INTO `propertyvaluemodel` VALUES ('639', '49', '41', 'L型');
INSERT INTO `propertyvaluemodel` VALUES ('640', '49', '42', '拼板');
INSERT INTO `propertyvaluemodel` VALUES ('641', '49', '43', ' 北京 上海');
INSERT INTO `propertyvaluemodel` VALUES ('642', '49', '44', '绒质');
INSERT INTO `propertyvaluemodel` VALUES ('643', '49', '45', '整装');
INSERT INTO `propertyvaluemodel` VALUES ('644', '49', '46', '艺术');
INSERT INTO `propertyvaluemodel` VALUES ('645', '49', '47', '是');
INSERT INTO `propertyvaluemodel` VALUES ('646', '49', '48', '2.93');
INSERT INTO `propertyvaluemodel` VALUES ('647', '49', '49', '简约现代');
INSERT INTO `propertyvaluemodel` VALUES ('648', '50', '28', '无安装说明');
INSERT INTO `propertyvaluemodel` VALUES ('649', '50', '29', ' 是');
INSERT INTO `propertyvaluemodel` VALUES ('650', '50', '30', '其他');
INSERT INTO `propertyvaluemodel` VALUES ('651', '50', '31', '2040');
INSERT INTO `propertyvaluemodel` VALUES ('652', '50', '32', '否');
INSERT INTO `propertyvaluemodel` VALUES ('653', '50', '33', '软');
INSERT INTO `propertyvaluemodel` VALUES ('654', '50', '34', '海绵');
INSERT INTO `propertyvaluemodel` VALUES ('655', '50', '35', '经济型');
INSERT INTO `propertyvaluemodel` VALUES ('656', '50', '36', '木');
INSERT INTO `propertyvaluemodel` VALUES ('657', '50', '37', '成人');
INSERT INTO `propertyvaluemodel` VALUES ('658', '50', '38', '林氏木业');
INSERT INTO `propertyvaluemodel` VALUES ('659', '50', '39', '否');
INSERT INTO `propertyvaluemodel` VALUES ('660', '50', '40', '广东省');
INSERT INTO `propertyvaluemodel` VALUES ('661', '50', '41', 'L型');
INSERT INTO `propertyvaluemodel` VALUES ('662', '50', '42', '拼板');
INSERT INTO `propertyvaluemodel` VALUES ('663', '50', '43', ' 北京 上海');
INSERT INTO `propertyvaluemodel` VALUES ('664', '50', '44', '绒质');
INSERT INTO `propertyvaluemodel` VALUES ('665', '50', '45', '整装');
INSERT INTO `propertyvaluemodel` VALUES ('666', '50', '46', '艺术');
INSERT INTO `propertyvaluemodel` VALUES ('667', '50', '47', '是');
INSERT INTO `propertyvaluemodel` VALUES ('668', '50', '48', '2.93');
INSERT INTO `propertyvaluemodel` VALUES ('669', '50', '49', '简约现代');
INSERT INTO `propertyvaluemodel` VALUES ('670', '51', '28', '无安装说明');
INSERT INTO `propertyvaluemodel` VALUES ('671', '51', '29', ' 是');
INSERT INTO `propertyvaluemodel` VALUES ('672', '51', '30', '其他');
INSERT INTO `propertyvaluemodel` VALUES ('673', '51', '31', '2040');
INSERT INTO `propertyvaluemodel` VALUES ('674', '51', '32', '否');
INSERT INTO `propertyvaluemodel` VALUES ('675', '51', '33', '软');
INSERT INTO `propertyvaluemodel` VALUES ('676', '51', '34', '海绵');
INSERT INTO `propertyvaluemodel` VALUES ('677', '51', '35', '经济型');
INSERT INTO `propertyvaluemodel` VALUES ('678', '51', '36', '木');
INSERT INTO `propertyvaluemodel` VALUES ('679', '51', '37', '成人');
INSERT INTO `propertyvaluemodel` VALUES ('680', '51', '38', '林氏木业');
INSERT INTO `propertyvaluemodel` VALUES ('681', '51', '39', '否');
INSERT INTO `propertyvaluemodel` VALUES ('682', '51', '40', '广东省');
INSERT INTO `propertyvaluemodel` VALUES ('683', '51', '41', 'L型');
INSERT INTO `propertyvaluemodel` VALUES ('684', '51', '42', '拼板');
INSERT INTO `propertyvaluemodel` VALUES ('685', '51', '43', ' 北京 上海');
INSERT INTO `propertyvaluemodel` VALUES ('686', '51', '44', '绒质');
INSERT INTO `propertyvaluemodel` VALUES ('687', '51', '45', '整装');
INSERT INTO `propertyvaluemodel` VALUES ('688', '51', '46', '艺术');
INSERT INTO `propertyvaluemodel` VALUES ('689', '51', '47', '是');
INSERT INTO `propertyvaluemodel` VALUES ('690', '51', '48', '2.93');
INSERT INTO `propertyvaluemodel` VALUES ('691', '51', '49', '简约现代');
INSERT INTO `propertyvaluemodel` VALUES ('692', '52', '28', '无安装说明');
INSERT INTO `propertyvaluemodel` VALUES ('693', '52', '29', ' 是');
INSERT INTO `propertyvaluemodel` VALUES ('694', '52', '30', '其他');
INSERT INTO `propertyvaluemodel` VALUES ('695', '52', '31', '2040');
INSERT INTO `propertyvaluemodel` VALUES ('696', '52', '32', '否');
INSERT INTO `propertyvaluemodel` VALUES ('697', '52', '33', '软');
INSERT INTO `propertyvaluemodel` VALUES ('698', '52', '34', '海绵');
INSERT INTO `propertyvaluemodel` VALUES ('699', '52', '35', '经济型');
INSERT INTO `propertyvaluemodel` VALUES ('700', '52', '36', '木');
INSERT INTO `propertyvaluemodel` VALUES ('701', '52', '37', '成人');
INSERT INTO `propertyvaluemodel` VALUES ('702', '52', '38', '林氏木业');
INSERT INTO `propertyvaluemodel` VALUES ('703', '52', '39', '否');
INSERT INTO `propertyvaluemodel` VALUES ('704', '52', '40', '广东省');
INSERT INTO `propertyvaluemodel` VALUES ('705', '52', '41', 'L型');
INSERT INTO `propertyvaluemodel` VALUES ('706', '52', '42', '拼板');
INSERT INTO `propertyvaluemodel` VALUES ('707', '52', '43', ' 北京 上海');
INSERT INTO `propertyvaluemodel` VALUES ('708', '52', '44', '绒质');
INSERT INTO `propertyvaluemodel` VALUES ('709', '52', '45', '整装');
INSERT INTO `propertyvaluemodel` VALUES ('710', '52', '46', '艺术');
INSERT INTO `propertyvaluemodel` VALUES ('711', '52', '47', '是');
INSERT INTO `propertyvaluemodel` VALUES ('712', '52', '48', '2.93');
INSERT INTO `propertyvaluemodel` VALUES ('713', '52', '49', '简约现代');
INSERT INTO `propertyvaluemodel` VALUES ('714', '53', '28', '无安装说明');
INSERT INTO `propertyvaluemodel` VALUES ('715', '53', '29', ' 是');
INSERT INTO `propertyvaluemodel` VALUES ('716', '53', '30', '其他');
INSERT INTO `propertyvaluemodel` VALUES ('717', '53', '31', '2040');
INSERT INTO `propertyvaluemodel` VALUES ('718', '53', '32', '否');
INSERT INTO `propertyvaluemodel` VALUES ('719', '53', '33', '软');
INSERT INTO `propertyvaluemodel` VALUES ('720', '53', '34', '海绵');
INSERT INTO `propertyvaluemodel` VALUES ('721', '53', '35', '经济型');
INSERT INTO `propertyvaluemodel` VALUES ('722', '53', '36', '木');
INSERT INTO `propertyvaluemodel` VALUES ('723', '53', '37', '成人');
INSERT INTO `propertyvaluemodel` VALUES ('724', '53', '38', '林氏木业');
INSERT INTO `propertyvaluemodel` VALUES ('725', '53', '39', '否');
INSERT INTO `propertyvaluemodel` VALUES ('726', '53', '40', '广东省');
INSERT INTO `propertyvaluemodel` VALUES ('727', '53', '41', 'L型');
INSERT INTO `propertyvaluemodel` VALUES ('728', '53', '42', '拼板');
INSERT INTO `propertyvaluemodel` VALUES ('729', '53', '43', ' 北京 上海');
INSERT INTO `propertyvaluemodel` VALUES ('730', '53', '44', '绒质');
INSERT INTO `propertyvaluemodel` VALUES ('731', '53', '45', '整装');
INSERT INTO `propertyvaluemodel` VALUES ('732', '53', '46', '艺术');
INSERT INTO `propertyvaluemodel` VALUES ('733', '53', '47', '是');
INSERT INTO `propertyvaluemodel` VALUES ('734', '53', '48', '2.93');
INSERT INTO `propertyvaluemodel` VALUES ('735', '53', '49', '简约现代');
INSERT INTO `propertyvaluemodel` VALUES ('736', '54', '28', '无安装说明');
INSERT INTO `propertyvaluemodel` VALUES ('737', '54', '29', ' 是');
INSERT INTO `propertyvaluemodel` VALUES ('738', '54', '30', '其他');
INSERT INTO `propertyvaluemodel` VALUES ('739', '54', '31', '2040');
INSERT INTO `propertyvaluemodel` VALUES ('740', '54', '32', '否');
INSERT INTO `propertyvaluemodel` VALUES ('741', '54', '33', '软');
INSERT INTO `propertyvaluemodel` VALUES ('742', '54', '34', '海绵');
INSERT INTO `propertyvaluemodel` VALUES ('743', '54', '35', '经济型');
INSERT INTO `propertyvaluemodel` VALUES ('744', '54', '36', '木');
INSERT INTO `propertyvaluemodel` VALUES ('745', '54', '37', '成人');
INSERT INTO `propertyvaluemodel` VALUES ('746', '54', '38', '林氏木业');
INSERT INTO `propertyvaluemodel` VALUES ('747', '54', '39', '否');
INSERT INTO `propertyvaluemodel` VALUES ('748', '54', '40', '广东省');
INSERT INTO `propertyvaluemodel` VALUES ('749', '54', '41', 'L型');
INSERT INTO `propertyvaluemodel` VALUES ('750', '54', '42', '拼板');
INSERT INTO `propertyvaluemodel` VALUES ('751', '54', '43', ' 北京 上海');
INSERT INTO `propertyvaluemodel` VALUES ('752', '54', '44', '绒质');
INSERT INTO `propertyvaluemodel` VALUES ('753', '54', '45', '整装');
INSERT INTO `propertyvaluemodel` VALUES ('754', '54', '46', '艺术');
INSERT INTO `propertyvaluemodel` VALUES ('755', '54', '47', '是');
INSERT INTO `propertyvaluemodel` VALUES ('756', '54', '48', '2.93');
INSERT INTO `propertyvaluemodel` VALUES ('757', '54', '49', '简约现代');
INSERT INTO `propertyvaluemodel` VALUES ('758', '55', '28', '无安装说明');
INSERT INTO `propertyvaluemodel` VALUES ('759', '55', '29', ' 是');
INSERT INTO `propertyvaluemodel` VALUES ('760', '55', '30', '其他');
INSERT INTO `propertyvaluemodel` VALUES ('761', '55', '31', '2040');
INSERT INTO `propertyvaluemodel` VALUES ('762', '55', '32', '否');
INSERT INTO `propertyvaluemodel` VALUES ('763', '55', '33', '软');
INSERT INTO `propertyvaluemodel` VALUES ('764', '55', '34', '海绵');
INSERT INTO `propertyvaluemodel` VALUES ('765', '55', '35', '经济型');
INSERT INTO `propertyvaluemodel` VALUES ('766', '55', '36', '木');
INSERT INTO `propertyvaluemodel` VALUES ('767', '55', '37', '成人');
INSERT INTO `propertyvaluemodel` VALUES ('768', '55', '38', '林氏木业');
INSERT INTO `propertyvaluemodel` VALUES ('769', '55', '39', '否');
INSERT INTO `propertyvaluemodel` VALUES ('770', '55', '40', '广东省');
INSERT INTO `propertyvaluemodel` VALUES ('771', '55', '41', 'L型');
INSERT INTO `propertyvaluemodel` VALUES ('772', '55', '42', '拼板');
INSERT INTO `propertyvaluemodel` VALUES ('773', '55', '43', ' 北京 上海');
INSERT INTO `propertyvaluemodel` VALUES ('774', '55', '44', '绒质');
INSERT INTO `propertyvaluemodel` VALUES ('775', '55', '45', '整装');
INSERT INTO `propertyvaluemodel` VALUES ('776', '55', '46', '艺术');
INSERT INTO `propertyvaluemodel` VALUES ('777', '55', '47', '是');
INSERT INTO `propertyvaluemodel` VALUES ('778', '55', '48', '2.93');
INSERT INTO `propertyvaluemodel` VALUES ('779', '55', '49', '简约现代');
INSERT INTO `propertyvaluemodel` VALUES ('780', '56', '28', '无安装说明');
INSERT INTO `propertyvaluemodel` VALUES ('781', '56', '29', ' 是');
INSERT INTO `propertyvaluemodel` VALUES ('782', '56', '30', '其他');
INSERT INTO `propertyvaluemodel` VALUES ('783', '56', '31', '2040');
INSERT INTO `propertyvaluemodel` VALUES ('784', '56', '32', '否');
INSERT INTO `propertyvaluemodel` VALUES ('785', '56', '33', '软');
INSERT INTO `propertyvaluemodel` VALUES ('786', '56', '34', '海绵');
INSERT INTO `propertyvaluemodel` VALUES ('787', '56', '35', '经济型');
INSERT INTO `propertyvaluemodel` VALUES ('788', '56', '36', '木');
INSERT INTO `propertyvaluemodel` VALUES ('789', '56', '37', '成人');
INSERT INTO `propertyvaluemodel` VALUES ('790', '56', '38', '林氏木业');
INSERT INTO `propertyvaluemodel` VALUES ('791', '56', '39', '否');
INSERT INTO `propertyvaluemodel` VALUES ('792', '56', '40', '广东省');
INSERT INTO `propertyvaluemodel` VALUES ('793', '56', '41', 'L型');
INSERT INTO `propertyvaluemodel` VALUES ('794', '56', '42', '拼板');
INSERT INTO `propertyvaluemodel` VALUES ('795', '56', '43', ' 北京 上海');
INSERT INTO `propertyvaluemodel` VALUES ('796', '56', '44', '绒质');
INSERT INTO `propertyvaluemodel` VALUES ('797', '56', '45', '整装');
INSERT INTO `propertyvaluemodel` VALUES ('798', '56', '46', '艺术');
INSERT INTO `propertyvaluemodel` VALUES ('799', '56', '47', '是');
INSERT INTO `propertyvaluemodel` VALUES ('800', '56', '48', '2.93');
INSERT INTO `propertyvaluemodel` VALUES ('801', '56', '49', '简约现代');
INSERT INTO `propertyvaluemodel` VALUES ('802', '57', '28', '无安装说明');
INSERT INTO `propertyvaluemodel` VALUES ('803', '57', '29', ' 是');
INSERT INTO `propertyvaluemodel` VALUES ('804', '57', '30', '其他');
INSERT INTO `propertyvaluemodel` VALUES ('805', '57', '31', '2040');
INSERT INTO `propertyvaluemodel` VALUES ('806', '57', '32', '否');
INSERT INTO `propertyvaluemodel` VALUES ('807', '57', '33', '软');
INSERT INTO `propertyvaluemodel` VALUES ('808', '57', '34', '海绵');
INSERT INTO `propertyvaluemodel` VALUES ('809', '57', '35', '经济型');
INSERT INTO `propertyvaluemodel` VALUES ('810', '57', '36', '木');
INSERT INTO `propertyvaluemodel` VALUES ('811', '57', '37', '成人');
INSERT INTO `propertyvaluemodel` VALUES ('812', '57', '38', '林氏木业');
INSERT INTO `propertyvaluemodel` VALUES ('813', '57', '39', '否');
INSERT INTO `propertyvaluemodel` VALUES ('814', '57', '40', '广东省');
INSERT INTO `propertyvaluemodel` VALUES ('815', '57', '41', 'L型');
INSERT INTO `propertyvaluemodel` VALUES ('816', '57', '42', '拼板');
INSERT INTO `propertyvaluemodel` VALUES ('817', '57', '43', ' 北京 上海');
INSERT INTO `propertyvaluemodel` VALUES ('818', '57', '44', '绒质');
INSERT INTO `propertyvaluemodel` VALUES ('819', '57', '45', '整装');
INSERT INTO `propertyvaluemodel` VALUES ('820', '57', '46', '艺术');
INSERT INTO `propertyvaluemodel` VALUES ('821', '57', '47', '是');
INSERT INTO `propertyvaluemodel` VALUES ('822', '57', '48', '2.93');
INSERT INTO `propertyvaluemodel` VALUES ('823', '57', '49', '简约现代');
INSERT INTO `propertyvaluemodel` VALUES ('824', '58', '28', '无安装说明');
INSERT INTO `propertyvaluemodel` VALUES ('825', '58', '29', ' 是');
INSERT INTO `propertyvaluemodel` VALUES ('826', '58', '30', '其他');
INSERT INTO `propertyvaluemodel` VALUES ('827', '58', '31', '2040');
INSERT INTO `propertyvaluemodel` VALUES ('828', '58', '32', '否');
INSERT INTO `propertyvaluemodel` VALUES ('829', '58', '33', '软');
INSERT INTO `propertyvaluemodel` VALUES ('830', '58', '34', '海绵');
INSERT INTO `propertyvaluemodel` VALUES ('831', '58', '35', '经济型');
INSERT INTO `propertyvaluemodel` VALUES ('832', '58', '36', '木');
INSERT INTO `propertyvaluemodel` VALUES ('833', '58', '37', '成人');
INSERT INTO `propertyvaluemodel` VALUES ('834', '58', '38', '林氏木业');
INSERT INTO `propertyvaluemodel` VALUES ('835', '58', '39', '否');
INSERT INTO `propertyvaluemodel` VALUES ('836', '58', '40', '广东省');
INSERT INTO `propertyvaluemodel` VALUES ('837', '58', '41', 'L型');
INSERT INTO `propertyvaluemodel` VALUES ('838', '58', '42', '拼板');
INSERT INTO `propertyvaluemodel` VALUES ('839', '58', '43', ' 北京 上海');
INSERT INTO `propertyvaluemodel` VALUES ('840', '58', '44', '绒质');
INSERT INTO `propertyvaluemodel` VALUES ('841', '58', '45', '整装');
INSERT INTO `propertyvaluemodel` VALUES ('842', '58', '46', '艺术');
INSERT INTO `propertyvaluemodel` VALUES ('843', '58', '47', '是');
INSERT INTO `propertyvaluemodel` VALUES ('844', '58', '48', '2.93');
INSERT INTO `propertyvaluemodel` VALUES ('845', '58', '49', '简约现代');
INSERT INTO `propertyvaluemodel` VALUES ('846', '59', '28', '无安装说明');
INSERT INTO `propertyvaluemodel` VALUES ('847', '59', '29', ' 是');
INSERT INTO `propertyvaluemodel` VALUES ('848', '59', '30', '其他');
INSERT INTO `propertyvaluemodel` VALUES ('849', '59', '31', '2040');
INSERT INTO `propertyvaluemodel` VALUES ('850', '59', '32', '否');
INSERT INTO `propertyvaluemodel` VALUES ('851', '59', '33', '软');
INSERT INTO `propertyvaluemodel` VALUES ('852', '59', '34', '海绵');
INSERT INTO `propertyvaluemodel` VALUES ('853', '59', '35', '经济型');
INSERT INTO `propertyvaluemodel` VALUES ('854', '59', '36', '木');
INSERT INTO `propertyvaluemodel` VALUES ('855', '59', '37', '成人');
INSERT INTO `propertyvaluemodel` VALUES ('856', '59', '38', '林氏木业');
INSERT INTO `propertyvaluemodel` VALUES ('857', '59', '39', '否');
INSERT INTO `propertyvaluemodel` VALUES ('858', '59', '40', '广东省');
INSERT INTO `propertyvaluemodel` VALUES ('859', '59', '41', 'L型');
INSERT INTO `propertyvaluemodel` VALUES ('860', '59', '42', '拼板');
INSERT INTO `propertyvaluemodel` VALUES ('861', '59', '43', ' 北京 上海');
INSERT INTO `propertyvaluemodel` VALUES ('862', '59', '44', '绒质');
INSERT INTO `propertyvaluemodel` VALUES ('863', '59', '45', '整装');
INSERT INTO `propertyvaluemodel` VALUES ('864', '59', '46', '艺术');
INSERT INTO `propertyvaluemodel` VALUES ('865', '59', '47', '是');
INSERT INTO `propertyvaluemodel` VALUES ('866', '59', '48', '2.93');
INSERT INTO `propertyvaluemodel` VALUES ('867', '59', '49', '简约现代');
INSERT INTO `propertyvaluemodel` VALUES ('868', '60', '28', '无安装说明');
INSERT INTO `propertyvaluemodel` VALUES ('869', '60', '29', ' 是');
INSERT INTO `propertyvaluemodel` VALUES ('870', '60', '30', '其他');
INSERT INTO `propertyvaluemodel` VALUES ('871', '60', '31', '2040');
INSERT INTO `propertyvaluemodel` VALUES ('872', '60', '32', '否');
INSERT INTO `propertyvaluemodel` VALUES ('873', '60', '33', '软');
INSERT INTO `propertyvaluemodel` VALUES ('874', '60', '34', '海绵');
INSERT INTO `propertyvaluemodel` VALUES ('875', '60', '35', '经济型');
INSERT INTO `propertyvaluemodel` VALUES ('876', '60', '36', '木');
INSERT INTO `propertyvaluemodel` VALUES ('877', '60', '37', '成人');
INSERT INTO `propertyvaluemodel` VALUES ('878', '60', '38', '林氏木业');
INSERT INTO `propertyvaluemodel` VALUES ('879', '60', '39', '否');
INSERT INTO `propertyvaluemodel` VALUES ('880', '60', '40', '广东省');
INSERT INTO `propertyvaluemodel` VALUES ('881', '60', '41', 'L型');
INSERT INTO `propertyvaluemodel` VALUES ('882', '60', '42', '拼板');
INSERT INTO `propertyvaluemodel` VALUES ('883', '60', '43', ' 北京 上海');
INSERT INTO `propertyvaluemodel` VALUES ('884', '60', '44', '绒质');
INSERT INTO `propertyvaluemodel` VALUES ('885', '60', '45', '整装');
INSERT INTO `propertyvaluemodel` VALUES ('886', '60', '46', '艺术');
INSERT INTO `propertyvaluemodel` VALUES ('887', '60', '47', '是');
INSERT INTO `propertyvaluemodel` VALUES ('888', '60', '48', '2.93');
INSERT INTO `propertyvaluemodel` VALUES ('889', '60', '49', '简约现代');
INSERT INTO `propertyvaluemodel` VALUES ('890', '61', '28', '无安装说明');
INSERT INTO `propertyvaluemodel` VALUES ('891', '61', '29', ' 是');
INSERT INTO `propertyvaluemodel` VALUES ('892', '61', '30', '其他');
INSERT INTO `propertyvaluemodel` VALUES ('893', '61', '31', '2040');
INSERT INTO `propertyvaluemodel` VALUES ('894', '61', '32', '否');
INSERT INTO `propertyvaluemodel` VALUES ('895', '61', '33', '软');
INSERT INTO `propertyvaluemodel` VALUES ('896', '61', '34', '海绵');
INSERT INTO `propertyvaluemodel` VALUES ('897', '61', '35', '经济型');
INSERT INTO `propertyvaluemodel` VALUES ('898', '61', '36', '木');
INSERT INTO `propertyvaluemodel` VALUES ('899', '61', '37', '成人');
INSERT INTO `propertyvaluemodel` VALUES ('900', '61', '38', '林氏木业');
INSERT INTO `propertyvaluemodel` VALUES ('901', '61', '39', '否');
INSERT INTO `propertyvaluemodel` VALUES ('902', '61', '40', '广东省');
INSERT INTO `propertyvaluemodel` VALUES ('903', '61', '41', 'L型');
INSERT INTO `propertyvaluemodel` VALUES ('904', '61', '42', '拼板');
INSERT INTO `propertyvaluemodel` VALUES ('905', '61', '43', ' 北京 上海');
INSERT INTO `propertyvaluemodel` VALUES ('906', '61', '44', '绒质');
INSERT INTO `propertyvaluemodel` VALUES ('907', '61', '45', '整装');
INSERT INTO `propertyvaluemodel` VALUES ('908', '61', '46', '艺术');
INSERT INTO `propertyvaluemodel` VALUES ('909', '61', '47', '是');
INSERT INTO `propertyvaluemodel` VALUES ('910', '61', '48', '2.93');
INSERT INTO `propertyvaluemodel` VALUES ('911', '61', '49', '简约现代');
INSERT INTO `propertyvaluemodel` VALUES ('912', null, null, null);
INSERT INTO `propertyvaluemodel` VALUES ('914', '62', '28', '无安装说明');
INSERT INTO `propertyvaluemodel` VALUES ('915', '62', '29', ' 是');
INSERT INTO `propertyvaluemodel` VALUES ('916', '62', '30', '其他');
INSERT INTO `propertyvaluemodel` VALUES ('917', '62', '31', '2040');
INSERT INTO `propertyvaluemodel` VALUES ('918', '62', '32', '否');
INSERT INTO `propertyvaluemodel` VALUES ('919', '62', '33', '软');
INSERT INTO `propertyvaluemodel` VALUES ('920', '62', '34', '海绵');
INSERT INTO `propertyvaluemodel` VALUES ('921', '62', '35', '经济型');
INSERT INTO `propertyvaluemodel` VALUES ('922', '62', '36', '木');
INSERT INTO `propertyvaluemodel` VALUES ('923', '62', '37', '成人');
INSERT INTO `propertyvaluemodel` VALUES ('924', '62', '38', '林氏木业');
INSERT INTO `propertyvaluemodel` VALUES ('925', '62', '39', '否');
INSERT INTO `propertyvaluemodel` VALUES ('926', '62', '40', '广东省');
INSERT INTO `propertyvaluemodel` VALUES ('927', '62', '41', 'L型');
INSERT INTO `propertyvaluemodel` VALUES ('928', '62', '42', '拼板');
INSERT INTO `propertyvaluemodel` VALUES ('929', '62', '43', ' 北京 上海');
INSERT INTO `propertyvaluemodel` VALUES ('930', '62', '44', '绒质');
INSERT INTO `propertyvaluemodel` VALUES ('931', '62', '45', '整装');
INSERT INTO `propertyvaluemodel` VALUES ('932', '62', '46', '艺术');
INSERT INTO `propertyvaluemodel` VALUES ('933', '62', '47', '是');
INSERT INTO `propertyvaluemodel` VALUES ('934', '62', '48', '2.93');
INSERT INTO `propertyvaluemodel` VALUES ('935', '62', '49', '简约现代');
INSERT INTO `propertyvaluemodel` VALUES ('936', '63', '28', '无安装说明');
INSERT INTO `propertyvaluemodel` VALUES ('937', '63', '29', ' 是');
INSERT INTO `propertyvaluemodel` VALUES ('938', '63', '30', '其他');
INSERT INTO `propertyvaluemodel` VALUES ('939', '63', '31', '2040');
INSERT INTO `propertyvaluemodel` VALUES ('940', '63', '32', '否');
INSERT INTO `propertyvaluemodel` VALUES ('941', '63', '33', '软');
INSERT INTO `propertyvaluemodel` VALUES ('942', '63', '34', '海绵');
INSERT INTO `propertyvaluemodel` VALUES ('943', '63', '35', '经济型');
INSERT INTO `propertyvaluemodel` VALUES ('944', '63', '36', '木');
INSERT INTO `propertyvaluemodel` VALUES ('945', '63', '37', '成人');
INSERT INTO `propertyvaluemodel` VALUES ('946', '63', '38', '林氏木业');
INSERT INTO `propertyvaluemodel` VALUES ('947', '63', '39', '否');
INSERT INTO `propertyvaluemodel` VALUES ('948', '63', '40', '广东省');
INSERT INTO `propertyvaluemodel` VALUES ('949', '63', '41', 'L型');
INSERT INTO `propertyvaluemodel` VALUES ('950', '63', '42', '拼板');
INSERT INTO `propertyvaluemodel` VALUES ('951', '63', '43', ' 北京 上海');
INSERT INTO `propertyvaluemodel` VALUES ('952', '63', '44', '绒质');
INSERT INTO `propertyvaluemodel` VALUES ('953', '63', '45', '整装');
INSERT INTO `propertyvaluemodel` VALUES ('954', '63', '46', '艺术');
INSERT INTO `propertyvaluemodel` VALUES ('955', '63', '47', '是');
INSERT INTO `propertyvaluemodel` VALUES ('956', '63', '48', '2.93');
INSERT INTO `propertyvaluemodel` VALUES ('957', '63', '49', '简约现代');
INSERT INTO `propertyvaluemodel` VALUES ('958', '64', '28', '无安装说明');
INSERT INTO `propertyvaluemodel` VALUES ('959', '64', '29', ' 是');
INSERT INTO `propertyvaluemodel` VALUES ('960', '64', '30', '其他');
INSERT INTO `propertyvaluemodel` VALUES ('961', '64', '31', '2040');
INSERT INTO `propertyvaluemodel` VALUES ('962', '64', '32', '否');
INSERT INTO `propertyvaluemodel` VALUES ('963', '64', '33', '软');
INSERT INTO `propertyvaluemodel` VALUES ('964', '64', '34', '海绵');
INSERT INTO `propertyvaluemodel` VALUES ('965', '64', '35', '经济型');
INSERT INTO `propertyvaluemodel` VALUES ('966', '64', '36', '木');
INSERT INTO `propertyvaluemodel` VALUES ('967', '64', '37', '成人');
INSERT INTO `propertyvaluemodel` VALUES ('968', '64', '38', '林氏木业');
INSERT INTO `propertyvaluemodel` VALUES ('969', '64', '39', '否');
INSERT INTO `propertyvaluemodel` VALUES ('970', '64', '40', '广东省');
INSERT INTO `propertyvaluemodel` VALUES ('971', '64', '41', 'L型');
INSERT INTO `propertyvaluemodel` VALUES ('972', '64', '42', '拼板');
INSERT INTO `propertyvaluemodel` VALUES ('973', '64', '43', ' 北京 上海');
INSERT INTO `propertyvaluemodel` VALUES ('974', '64', '44', '绒质');
INSERT INTO `propertyvaluemodel` VALUES ('975', '64', '45', '整装');
INSERT INTO `propertyvaluemodel` VALUES ('976', '64', '46', '艺术');
INSERT INTO `propertyvaluemodel` VALUES ('977', '64', '47', '是');
INSERT INTO `propertyvaluemodel` VALUES ('978', '64', '48', '2.93');
INSERT INTO `propertyvaluemodel` VALUES ('979', '64', '49', '简约现代');
INSERT INTO `propertyvaluemodel` VALUES ('980', '65', '28', '无安装说明');
INSERT INTO `propertyvaluemodel` VALUES ('981', '65', '29', ' 是');
INSERT INTO `propertyvaluemodel` VALUES ('982', '65', '30', '其他');
INSERT INTO `propertyvaluemodel` VALUES ('983', '65', '31', '2040');
INSERT INTO `propertyvaluemodel` VALUES ('984', '65', '32', '否');
INSERT INTO `propertyvaluemodel` VALUES ('985', '65', '33', '软');
INSERT INTO `propertyvaluemodel` VALUES ('986', '65', '34', '海绵');
INSERT INTO `propertyvaluemodel` VALUES ('987', '65', '35', '经济型');
INSERT INTO `propertyvaluemodel` VALUES ('988', '65', '36', '木');
INSERT INTO `propertyvaluemodel` VALUES ('989', '65', '37', '成人');
INSERT INTO `propertyvaluemodel` VALUES ('990', '65', '38', '林氏木业');
INSERT INTO `propertyvaluemodel` VALUES ('991', '65', '39', '否');
INSERT INTO `propertyvaluemodel` VALUES ('992', '65', '40', '广东省');
INSERT INTO `propertyvaluemodel` VALUES ('993', '65', '41', 'L型');
INSERT INTO `propertyvaluemodel` VALUES ('994', '65', '42', '拼板');
INSERT INTO `propertyvaluemodel` VALUES ('995', '65', '43', ' 北京 上海');
INSERT INTO `propertyvaluemodel` VALUES ('996', '65', '44', '绒质');
INSERT INTO `propertyvaluemodel` VALUES ('997', '65', '45', '整装');
INSERT INTO `propertyvaluemodel` VALUES ('998', '65', '46', '艺术');
INSERT INTO `propertyvaluemodel` VALUES ('999', '65', '47', '是');
INSERT INTO `propertyvaluemodel` VALUES ('1000', '65', '48', '2.93');
INSERT INTO `propertyvaluemodel` VALUES ('1001', '65', '49', '简约现代');
INSERT INTO `propertyvaluemodel` VALUES ('1002', '66', '28', '无安装说明');
INSERT INTO `propertyvaluemodel` VALUES ('1003', '66', '29', ' 是');
INSERT INTO `propertyvaluemodel` VALUES ('1004', '66', '30', '其他');
INSERT INTO `propertyvaluemodel` VALUES ('1005', '66', '31', '2040');
INSERT INTO `propertyvaluemodel` VALUES ('1006', '66', '32', '否');
INSERT INTO `propertyvaluemodel` VALUES ('1007', '66', '33', '软');
INSERT INTO `propertyvaluemodel` VALUES ('1008', '66', '34', '海绵');
INSERT INTO `propertyvaluemodel` VALUES ('1009', '66', '35', '经济型');
INSERT INTO `propertyvaluemodel` VALUES ('1010', '66', '36', '木');
INSERT INTO `propertyvaluemodel` VALUES ('1011', '66', '37', '成人');
INSERT INTO `propertyvaluemodel` VALUES ('1012', '66', '38', '林氏木业');
INSERT INTO `propertyvaluemodel` VALUES ('1013', '66', '39', '否');
INSERT INTO `propertyvaluemodel` VALUES ('1014', '66', '40', '广东省');
INSERT INTO `propertyvaluemodel` VALUES ('1015', '66', '41', 'L型');
INSERT INTO `propertyvaluemodel` VALUES ('1016', '66', '42', '拼板');
INSERT INTO `propertyvaluemodel` VALUES ('1017', '66', '43', ' 北京 上海');
INSERT INTO `propertyvaluemodel` VALUES ('1018', '66', '44', '绒质');
INSERT INTO `propertyvaluemodel` VALUES ('1019', '66', '45', '整装');
INSERT INTO `propertyvaluemodel` VALUES ('1020', '66', '46', '艺术');
INSERT INTO `propertyvaluemodel` VALUES ('1021', '66', '47', '是');
INSERT INTO `propertyvaluemodel` VALUES ('1022', '66', '48', '2.93');
INSERT INTO `propertyvaluemodel` VALUES ('1023', '66', '49', '简约现代');
INSERT INTO `propertyvaluemodel` VALUES ('1024', '67', '50', '一级');
INSERT INTO `propertyvaluemodel` VALUES ('1025', '67', '51', 'A．O．Smith/');
INSERT INTO `propertyvaluemodel` VALUES ('1026', '67', '52', '横式');
INSERT INTO `propertyvaluemodel` VALUES ('1027', '67', '53', '艾欧史密斯');
INSERT INTO `propertyvaluemodel` VALUES ('1028', '67', '54', '机械式');
INSERT INTO `propertyvaluemodel` VALUES ('1029', '67', '55', 'F160');
INSERT INTO `propertyvaluemodel` VALUES ('1030', '67', '56', ' 2014010706');
INSERT INTO `propertyvaluemodel` VALUES ('1031', '67', '57', '艾欧史密斯');
INSERT INTO `propertyvaluemodel` VALUES ('1032', '67', '58', 'CEWH-40P8');
INSERT INTO `propertyvaluemodel` VALUES ('1033', '67', '59', '有效');
INSERT INTO `propertyvaluemodel` VALUES ('1034', '67', '60', 'A．O．Smith/');
INSERT INTO `propertyvaluemodel` VALUES ('1035', '68', '50', '一级');
INSERT INTO `propertyvaluemodel` VALUES ('1036', '68', '51', 'A．O．Smith/');
INSERT INTO `propertyvaluemodel` VALUES ('1037', '68', '52', '横式');
INSERT INTO `propertyvaluemodel` VALUES ('1038', '68', '53', '艾欧史密斯');
INSERT INTO `propertyvaluemodel` VALUES ('1039', '68', '54', '机械式');
INSERT INTO `propertyvaluemodel` VALUES ('1040', '68', '55', 'F160');
INSERT INTO `propertyvaluemodel` VALUES ('1041', '68', '56', ' 2014010706');
INSERT INTO `propertyvaluemodel` VALUES ('1042', '68', '57', '艾欧史密斯');
INSERT INTO `propertyvaluemodel` VALUES ('1043', '68', '58', 'CEWH-40P8');
INSERT INTO `propertyvaluemodel` VALUES ('1044', '68', '59', '有效');
INSERT INTO `propertyvaluemodel` VALUES ('1045', '68', '60', 'A．O．Smith/');
INSERT INTO `propertyvaluemodel` VALUES ('1046', '69', '50', '一级');
INSERT INTO `propertyvaluemodel` VALUES ('1047', '69', '51', 'A．O．Smith/');
INSERT INTO `propertyvaluemodel` VALUES ('1048', '69', '52', '横式');
INSERT INTO `propertyvaluemodel` VALUES ('1049', '69', '53', '艾欧史密斯');
INSERT INTO `propertyvaluemodel` VALUES ('1050', '69', '54', '机械式');
INSERT INTO `propertyvaluemodel` VALUES ('1051', '69', '55', 'F160');
INSERT INTO `propertyvaluemodel` VALUES ('1052', '69', '56', ' 2014010706');
INSERT INTO `propertyvaluemodel` VALUES ('1053', '69', '57', '艾欧史密斯');
INSERT INTO `propertyvaluemodel` VALUES ('1054', '69', '58', 'CEWH-40P8');
INSERT INTO `propertyvaluemodel` VALUES ('1055', '69', '59', '有效');
INSERT INTO `propertyvaluemodel` VALUES ('1056', '69', '60', 'A．O．Smith/');
INSERT INTO `propertyvaluemodel` VALUES ('1057', '70', '50', '一级');
INSERT INTO `propertyvaluemodel` VALUES ('1058', '70', '51', 'A．O．Smith/');
INSERT INTO `propertyvaluemodel` VALUES ('1059', '70', '52', '横式');
INSERT INTO `propertyvaluemodel` VALUES ('1060', '70', '53', '艾欧史密斯');
INSERT INTO `propertyvaluemodel` VALUES ('1061', '70', '54', '机械式');
INSERT INTO `propertyvaluemodel` VALUES ('1062', '70', '55', 'F160');
INSERT INTO `propertyvaluemodel` VALUES ('1063', '70', '56', ' 2014010706');
INSERT INTO `propertyvaluemodel` VALUES ('1064', '70', '57', '艾欧史密斯');
INSERT INTO `propertyvaluemodel` VALUES ('1065', '70', '58', 'CEWH-40P8');
INSERT INTO `propertyvaluemodel` VALUES ('1066', '70', '59', '有效');
INSERT INTO `propertyvaluemodel` VALUES ('1067', '70', '60', 'A．O．Smith/');
INSERT INTO `propertyvaluemodel` VALUES ('1068', '71', '50', '一级');
INSERT INTO `propertyvaluemodel` VALUES ('1069', '71', '51', 'A．O．Smith/');
INSERT INTO `propertyvaluemodel` VALUES ('1070', '71', '52', '横式');
INSERT INTO `propertyvaluemodel` VALUES ('1071', '71', '53', '艾欧史密斯');
INSERT INTO `propertyvaluemodel` VALUES ('1072', '71', '54', '机械式');
INSERT INTO `propertyvaluemodel` VALUES ('1073', '71', '55', 'F160');
INSERT INTO `propertyvaluemodel` VALUES ('1074', '71', '56', ' 2014010706');
INSERT INTO `propertyvaluemodel` VALUES ('1075', '71', '57', '艾欧史密斯');
INSERT INTO `propertyvaluemodel` VALUES ('1076', '71', '58', 'CEWH-40P8');
INSERT INTO `propertyvaluemodel` VALUES ('1077', '71', '59', '有效');
INSERT INTO `propertyvaluemodel` VALUES ('1078', '71', '60', 'A．O．Smith/');
INSERT INTO `propertyvaluemodel` VALUES ('1079', '72', '50', '一级');
INSERT INTO `propertyvaluemodel` VALUES ('1080', '72', '51', 'A．O．Smith/');
INSERT INTO `propertyvaluemodel` VALUES ('1081', '72', '52', '横式');
INSERT INTO `propertyvaluemodel` VALUES ('1082', '72', '53', '艾欧史密斯');
INSERT INTO `propertyvaluemodel` VALUES ('1083', '72', '54', '机械式');
INSERT INTO `propertyvaluemodel` VALUES ('1084', '72', '55', 'F160');
INSERT INTO `propertyvaluemodel` VALUES ('1085', '72', '56', ' 2014010706');
INSERT INTO `propertyvaluemodel` VALUES ('1086', '72', '57', '艾欧史密斯');
INSERT INTO `propertyvaluemodel` VALUES ('1087', '72', '58', 'CEWH-40P8');
INSERT INTO `propertyvaluemodel` VALUES ('1088', '72', '59', '有效');
INSERT INTO `propertyvaluemodel` VALUES ('1089', '72', '60', 'A．O．Smith/');
INSERT INTO `propertyvaluemodel` VALUES ('1090', '73', '50', '一级');
INSERT INTO `propertyvaluemodel` VALUES ('1091', '73', '51', 'A．O．Smith/');
INSERT INTO `propertyvaluemodel` VALUES ('1092', '73', '52', '横式');
INSERT INTO `propertyvaluemodel` VALUES ('1093', '73', '53', '艾欧史密斯');
INSERT INTO `propertyvaluemodel` VALUES ('1094', '73', '54', '机械式');
INSERT INTO `propertyvaluemodel` VALUES ('1095', '73', '55', 'F160');
INSERT INTO `propertyvaluemodel` VALUES ('1096', '73', '56', ' 2014010706');
INSERT INTO `propertyvaluemodel` VALUES ('1097', '73', '57', '艾欧史密斯');
INSERT INTO `propertyvaluemodel` VALUES ('1098', '73', '58', 'CEWH-40P8');
INSERT INTO `propertyvaluemodel` VALUES ('1099', '73', '59', '有效');
INSERT INTO `propertyvaluemodel` VALUES ('1100', '73', '60', 'A．O．Smith/');
INSERT INTO `propertyvaluemodel` VALUES ('1101', '74', '50', '一级');
INSERT INTO `propertyvaluemodel` VALUES ('1102', '74', '51', 'A．O．Smith/');
INSERT INTO `propertyvaluemodel` VALUES ('1103', '74', '52', '横式');
INSERT INTO `propertyvaluemodel` VALUES ('1104', '74', '53', '艾欧史密斯');
INSERT INTO `propertyvaluemodel` VALUES ('1105', '74', '54', '机械式');
INSERT INTO `propertyvaluemodel` VALUES ('1106', '74', '55', 'F160');
INSERT INTO `propertyvaluemodel` VALUES ('1107', '74', '56', ' 2014010706');
INSERT INTO `propertyvaluemodel` VALUES ('1108', '74', '57', '艾欧史密斯');
INSERT INTO `propertyvaluemodel` VALUES ('1109', '74', '58', 'CEWH-40P8');
INSERT INTO `propertyvaluemodel` VALUES ('1110', '74', '59', '有效');
INSERT INTO `propertyvaluemodel` VALUES ('1111', '74', '60', 'A．O．Smith/');
INSERT INTO `propertyvaluemodel` VALUES ('1112', '75', '50', '一级');
INSERT INTO `propertyvaluemodel` VALUES ('1113', '75', '51', 'A．O．Smith/');
INSERT INTO `propertyvaluemodel` VALUES ('1114', '75', '52', '横式');
INSERT INTO `propertyvaluemodel` VALUES ('1115', '75', '53', '艾欧史密斯');
INSERT INTO `propertyvaluemodel` VALUES ('1116', '75', '54', '机械式');
INSERT INTO `propertyvaluemodel` VALUES ('1117', '75', '55', 'F160');
INSERT INTO `propertyvaluemodel` VALUES ('1118', '75', '56', ' 2014010706');
INSERT INTO `propertyvaluemodel` VALUES ('1119', '75', '57', '艾欧史密斯');
INSERT INTO `propertyvaluemodel` VALUES ('1120', '75', '58', 'CEWH-40P8');
INSERT INTO `propertyvaluemodel` VALUES ('1121', '75', '59', '有效');
INSERT INTO `propertyvaluemodel` VALUES ('1122', '75', '60', 'A．O．Smith/');
INSERT INTO `propertyvaluemodel` VALUES ('1123', '76', '50', '一级');
INSERT INTO `propertyvaluemodel` VALUES ('1124', '76', '51', 'A．O．Smith/');
INSERT INTO `propertyvaluemodel` VALUES ('1125', '76', '52', '横式');
INSERT INTO `propertyvaluemodel` VALUES ('1126', '76', '53', '艾欧史密斯');
INSERT INTO `propertyvaluemodel` VALUES ('1127', '76', '54', '机械式');
INSERT INTO `propertyvaluemodel` VALUES ('1128', '76', '55', 'F160');
INSERT INTO `propertyvaluemodel` VALUES ('1129', '76', '56', ' 2014010706');
INSERT INTO `propertyvaluemodel` VALUES ('1130', '76', '57', '艾欧史密斯');
INSERT INTO `propertyvaluemodel` VALUES ('1131', '76', '58', 'CEWH-40P8');
INSERT INTO `propertyvaluemodel` VALUES ('1132', '76', '59', '有效');
INSERT INTO `propertyvaluemodel` VALUES ('1133', '76', '60', 'A．O．Smith/');
INSERT INTO `propertyvaluemodel` VALUES ('1134', '77', '50', '一级');
INSERT INTO `propertyvaluemodel` VALUES ('1135', '77', '51', 'A．O．Smith/');
INSERT INTO `propertyvaluemodel` VALUES ('1136', '77', '52', '横式');
INSERT INTO `propertyvaluemodel` VALUES ('1137', '77', '53', '艾欧史密斯');
INSERT INTO `propertyvaluemodel` VALUES ('1138', '77', '54', '机械式');
INSERT INTO `propertyvaluemodel` VALUES ('1139', '77', '55', 'F160');
INSERT INTO `propertyvaluemodel` VALUES ('1140', '77', '56', ' 2014010706');
INSERT INTO `propertyvaluemodel` VALUES ('1141', '77', '57', '艾欧史密斯');
INSERT INTO `propertyvaluemodel` VALUES ('1142', '77', '58', 'CEWH-40P8');
INSERT INTO `propertyvaluemodel` VALUES ('1143', '77', '59', '有效');
INSERT INTO `propertyvaluemodel` VALUES ('1144', '77', '60', 'A．O．Smith/');
INSERT INTO `propertyvaluemodel` VALUES ('1145', '78', '50', '一级');
INSERT INTO `propertyvaluemodel` VALUES ('1146', '78', '51', 'A．O．Smith/');
INSERT INTO `propertyvaluemodel` VALUES ('1147', '78', '52', '横式');
INSERT INTO `propertyvaluemodel` VALUES ('1148', '78', '53', '艾欧史密斯');
INSERT INTO `propertyvaluemodel` VALUES ('1149', '78', '54', '机械式');
INSERT INTO `propertyvaluemodel` VALUES ('1150', '78', '55', 'F160');
INSERT INTO `propertyvaluemodel` VALUES ('1151', '78', '56', ' 2014010706');
INSERT INTO `propertyvaluemodel` VALUES ('1152', '78', '57', '艾欧史密斯');
INSERT INTO `propertyvaluemodel` VALUES ('1153', '78', '58', 'CEWH-40P8');
INSERT INTO `propertyvaluemodel` VALUES ('1154', '78', '59', '有效');
INSERT INTO `propertyvaluemodel` VALUES ('1155', '78', '60', 'A．O．Smith/');
INSERT INTO `propertyvaluemodel` VALUES ('1156', '79', '50', '一级');
INSERT INTO `propertyvaluemodel` VALUES ('1157', '79', '51', 'A．O．Smith/');
INSERT INTO `propertyvaluemodel` VALUES ('1158', '79', '52', '横式');
INSERT INTO `propertyvaluemodel` VALUES ('1159', '79', '53', '艾欧史密斯');
INSERT INTO `propertyvaluemodel` VALUES ('1160', '79', '54', '机械式');
INSERT INTO `propertyvaluemodel` VALUES ('1161', '79', '55', 'F160');
INSERT INTO `propertyvaluemodel` VALUES ('1162', '79', '56', ' 2014010706');
INSERT INTO `propertyvaluemodel` VALUES ('1163', '79', '57', '艾欧史密斯');
INSERT INTO `propertyvaluemodel` VALUES ('1164', '79', '58', 'CEWH-40P8');
INSERT INTO `propertyvaluemodel` VALUES ('1165', '79', '59', '有效');
INSERT INTO `propertyvaluemodel` VALUES ('1166', '79', '60', 'A．O．Smith/');
INSERT INTO `propertyvaluemodel` VALUES ('1167', '80', '50', '一级');
INSERT INTO `propertyvaluemodel` VALUES ('1168', '80', '51', 'A．O．Smith/');
INSERT INTO `propertyvaluemodel` VALUES ('1169', '80', '52', '横式');
INSERT INTO `propertyvaluemodel` VALUES ('1170', '80', '53', '艾欧史密斯');
INSERT INTO `propertyvaluemodel` VALUES ('1171', '80', '54', '机械式');
INSERT INTO `propertyvaluemodel` VALUES ('1172', '80', '55', 'F160');
INSERT INTO `propertyvaluemodel` VALUES ('1173', '80', '56', ' 2014010706');
INSERT INTO `propertyvaluemodel` VALUES ('1174', '80', '57', '艾欧史密斯');
INSERT INTO `propertyvaluemodel` VALUES ('1175', '80', '58', 'CEWH-40P8');
INSERT INTO `propertyvaluemodel` VALUES ('1176', '80', '59', '有效');
INSERT INTO `propertyvaluemodel` VALUES ('1177', '80', '60', 'A．O．Smith/');
INSERT INTO `propertyvaluemodel` VALUES ('1178', '81', '50', '一级');
INSERT INTO `propertyvaluemodel` VALUES ('1179', '81', '51', 'A．O．Smith/');
INSERT INTO `propertyvaluemodel` VALUES ('1180', '81', '52', '横式');
INSERT INTO `propertyvaluemodel` VALUES ('1181', '81', '53', '艾欧史密斯');
INSERT INTO `propertyvaluemodel` VALUES ('1182', '81', '54', '机械式');
INSERT INTO `propertyvaluemodel` VALUES ('1183', '81', '55', 'F160');
INSERT INTO `propertyvaluemodel` VALUES ('1184', '81', '56', ' 2014010706');
INSERT INTO `propertyvaluemodel` VALUES ('1185', '81', '57', '艾欧史密斯');
INSERT INTO `propertyvaluemodel` VALUES ('1186', '81', '58', 'CEWH-40P8');
INSERT INTO `propertyvaluemodel` VALUES ('1187', '81', '59', '有效');
INSERT INTO `propertyvaluemodel` VALUES ('1188', '81', '60', 'A．O．Smith/');
INSERT INTO `propertyvaluemodel` VALUES ('1189', '82', '50', '一级');
INSERT INTO `propertyvaluemodel` VALUES ('1190', '82', '51', 'A．O．Smith/');
INSERT INTO `propertyvaluemodel` VALUES ('1191', '82', '52', '横式');
INSERT INTO `propertyvaluemodel` VALUES ('1192', '82', '53', '艾欧史密斯');
INSERT INTO `propertyvaluemodel` VALUES ('1193', '82', '54', '机械式');
INSERT INTO `propertyvaluemodel` VALUES ('1194', '82', '55', 'F160');
INSERT INTO `propertyvaluemodel` VALUES ('1195', '82', '56', ' 2014010706');
INSERT INTO `propertyvaluemodel` VALUES ('1196', '82', '57', '艾欧史密斯');
INSERT INTO `propertyvaluemodel` VALUES ('1197', '82', '58', 'CEWH-40P8');
INSERT INTO `propertyvaluemodel` VALUES ('1198', '82', '59', '有效');
INSERT INTO `propertyvaluemodel` VALUES ('1199', '82', '60', 'A．O．Smith/');
INSERT INTO `propertyvaluemodel` VALUES ('1200', '83', '50', '一级');
INSERT INTO `propertyvaluemodel` VALUES ('1201', '83', '51', 'A．O．Smith/');
INSERT INTO `propertyvaluemodel` VALUES ('1202', '83', '52', '横式');
INSERT INTO `propertyvaluemodel` VALUES ('1203', '83', '53', '艾欧史密斯');
INSERT INTO `propertyvaluemodel` VALUES ('1204', '83', '54', '机械式');
INSERT INTO `propertyvaluemodel` VALUES ('1205', '83', '55', 'F160');
INSERT INTO `propertyvaluemodel` VALUES ('1206', '83', '56', ' 2014010706');
INSERT INTO `propertyvaluemodel` VALUES ('1207', '83', '57', '艾欧史密斯');
INSERT INTO `propertyvaluemodel` VALUES ('1208', '83', '58', 'CEWH-40P8');
INSERT INTO `propertyvaluemodel` VALUES ('1209', '83', '59', '有效');
INSERT INTO `propertyvaluemodel` VALUES ('1210', '83', '60', 'A．O．Smith/');
INSERT INTO `propertyvaluemodel` VALUES ('1211', '84', '50', '一级');
INSERT INTO `propertyvaluemodel` VALUES ('1212', '84', '51', 'A．O．Smith/');
INSERT INTO `propertyvaluemodel` VALUES ('1213', '84', '52', '横式');
INSERT INTO `propertyvaluemodel` VALUES ('1214', '84', '53', '艾欧史密斯');
INSERT INTO `propertyvaluemodel` VALUES ('1215', '84', '54', '机械式');
INSERT INTO `propertyvaluemodel` VALUES ('1216', '84', '55', 'F160');
INSERT INTO `propertyvaluemodel` VALUES ('1217', '84', '56', ' 2014010706');
INSERT INTO `propertyvaluemodel` VALUES ('1218', '84', '57', '艾欧史密斯');
INSERT INTO `propertyvaluemodel` VALUES ('1219', '84', '58', 'CEWH-40P8');
INSERT INTO `propertyvaluemodel` VALUES ('1220', '84', '59', '有效');
INSERT INTO `propertyvaluemodel` VALUES ('1221', '84', '60', 'A．O．Smith/');
INSERT INTO `propertyvaluemodel` VALUES ('1233', '85', '61', 'Ninebot');
INSERT INTO `propertyvaluemodel` VALUES ('1234', '85', '62', 'One A1');
INSERT INTO `propertyvaluemodel` VALUES ('1235', '85', '63', '否');
INSERT INTO `propertyvaluemodel` VALUES ('1236', '85', '64', '独轮');
INSERT INTO `propertyvaluemodel` VALUES ('1237', '85', '65', '2016年夏季');
INSERT INTO `propertyvaluemodel` VALUES ('1238', '86', '61', 'Ninebot');
INSERT INTO `propertyvaluemodel` VALUES ('1239', '86', '62', 'One A1');
INSERT INTO `propertyvaluemodel` VALUES ('1240', '86', '63', '否');
INSERT INTO `propertyvaluemodel` VALUES ('1241', '86', '64', '独轮');
INSERT INTO `propertyvaluemodel` VALUES ('1242', '86', '65', '2016年夏季');
INSERT INTO `propertyvaluemodel` VALUES ('1243', '87', '61', 'Ninebot');
INSERT INTO `propertyvaluemodel` VALUES ('1244', '87', '62', 'One A1');
INSERT INTO `propertyvaluemodel` VALUES ('1245', '87', '63', '否');
INSERT INTO `propertyvaluemodel` VALUES ('1246', '87', '64', '独轮');
INSERT INTO `propertyvaluemodel` VALUES ('1247', '87', '65', '2016年夏季');
INSERT INTO `propertyvaluemodel` VALUES ('1248', '88', '61', 'Ninebot');
INSERT INTO `propertyvaluemodel` VALUES ('1249', '88', '62', 'One A1');
INSERT INTO `propertyvaluemodel` VALUES ('1250', '88', '63', '否');
INSERT INTO `propertyvaluemodel` VALUES ('1251', '88', '64', '独轮');
INSERT INTO `propertyvaluemodel` VALUES ('1252', '88', '65', '2016年夏季');
INSERT INTO `propertyvaluemodel` VALUES ('1253', '89', '61', 'Ninebot');
INSERT INTO `propertyvaluemodel` VALUES ('1254', '89', '62', 'One A1');
INSERT INTO `propertyvaluemodel` VALUES ('1255', '89', '63', '否');
INSERT INTO `propertyvaluemodel` VALUES ('1256', '89', '64', '独轮');
INSERT INTO `propertyvaluemodel` VALUES ('1257', '89', '65', '2016年夏季');
INSERT INTO `propertyvaluemodel` VALUES ('1258', '90', '61', 'Ninebot');
INSERT INTO `propertyvaluemodel` VALUES ('1259', '90', '62', 'One A1');
INSERT INTO `propertyvaluemodel` VALUES ('1260', '90', '63', '否');
INSERT INTO `propertyvaluemodel` VALUES ('1261', '90', '64', '独轮');
INSERT INTO `propertyvaluemodel` VALUES ('1262', '90', '65', '2016年夏季');
INSERT INTO `propertyvaluemodel` VALUES ('1263', '91', '61', 'Ninebot');
INSERT INTO `propertyvaluemodel` VALUES ('1264', '91', '62', 'One A1');
INSERT INTO `propertyvaluemodel` VALUES ('1265', '91', '63', '否');
INSERT INTO `propertyvaluemodel` VALUES ('1266', '91', '64', '独轮');
INSERT INTO `propertyvaluemodel` VALUES ('1267', '91', '65', '2016年夏季');
INSERT INTO `propertyvaluemodel` VALUES ('1268', '92', '61', 'Ninebot');
INSERT INTO `propertyvaluemodel` VALUES ('1269', '92', '62', 'One A1');
INSERT INTO `propertyvaluemodel` VALUES ('1270', '92', '63', '否');
INSERT INTO `propertyvaluemodel` VALUES ('1271', '92', '64', '独轮');
INSERT INTO `propertyvaluemodel` VALUES ('1272', '92', '65', '2016年夏季');
INSERT INTO `propertyvaluemodel` VALUES ('1273', '93', '61', 'Ninebot');
INSERT INTO `propertyvaluemodel` VALUES ('1274', '93', '62', 'One A1');
INSERT INTO `propertyvaluemodel` VALUES ('1275', '93', '63', '否');
INSERT INTO `propertyvaluemodel` VALUES ('1276', '93', '64', '独轮');
INSERT INTO `propertyvaluemodel` VALUES ('1277', '93', '65', '2016年夏季');
INSERT INTO `propertyvaluemodel` VALUES ('1278', '94', '61', 'Ninebot');
INSERT INTO `propertyvaluemodel` VALUES ('1279', '94', '62', 'One A1');
INSERT INTO `propertyvaluemodel` VALUES ('1280', '94', '63', '否');
INSERT INTO `propertyvaluemodel` VALUES ('1281', '94', '64', '独轮');
INSERT INTO `propertyvaluemodel` VALUES ('1282', '94', '65', '2016年夏季');
INSERT INTO `propertyvaluemodel` VALUES ('1283', '95', '61', 'Ninebot');
INSERT INTO `propertyvaluemodel` VALUES ('1284', '95', '62', 'One A1');
INSERT INTO `propertyvaluemodel` VALUES ('1285', '95', '63', '否');
INSERT INTO `propertyvaluemodel` VALUES ('1286', '95', '64', '独轮');
INSERT INTO `propertyvaluemodel` VALUES ('1287', '95', '65', '2016年夏季');
INSERT INTO `propertyvaluemodel` VALUES ('1288', '96', '61', 'Ninebot');
INSERT INTO `propertyvaluemodel` VALUES ('1289', '96', '62', 'One A1');
INSERT INTO `propertyvaluemodel` VALUES ('1290', '96', '63', '否');
INSERT INTO `propertyvaluemodel` VALUES ('1291', '96', '64', '独轮');
INSERT INTO `propertyvaluemodel` VALUES ('1292', '96', '65', '2016年夏季');
INSERT INTO `propertyvaluemodel` VALUES ('1293', '97', '61', 'Ninebot');
INSERT INTO `propertyvaluemodel` VALUES ('1294', '97', '62', 'One A1');
INSERT INTO `propertyvaluemodel` VALUES ('1295', '97', '63', '否');
INSERT INTO `propertyvaluemodel` VALUES ('1296', '97', '64', '独轮');
INSERT INTO `propertyvaluemodel` VALUES ('1297', '97', '65', '2016年夏季');
INSERT INTO `propertyvaluemodel` VALUES ('1298', '98', '61', 'Ninebot');
INSERT INTO `propertyvaluemodel` VALUES ('1299', '98', '62', 'One A1');
INSERT INTO `propertyvaluemodel` VALUES ('1300', '98', '63', '否');
INSERT INTO `propertyvaluemodel` VALUES ('1301', '98', '64', '独轮');
INSERT INTO `propertyvaluemodel` VALUES ('1302', '98', '65', '2016年夏季');
INSERT INTO `propertyvaluemodel` VALUES ('1303', '99', '61', 'Ninebot');
INSERT INTO `propertyvaluemodel` VALUES ('1304', '99', '62', 'One A1');
INSERT INTO `propertyvaluemodel` VALUES ('1305', '99', '63', '否');
INSERT INTO `propertyvaluemodel` VALUES ('1306', '99', '64', '独轮');
INSERT INTO `propertyvaluemodel` VALUES ('1307', '99', '65', '2016年夏季');
INSERT INTO `propertyvaluemodel` VALUES ('1308', '100', '61', 'Ninebot');
INSERT INTO `propertyvaluemodel` VALUES ('1309', '100', '62', 'One A1');
INSERT INTO `propertyvaluemodel` VALUES ('1310', '100', '63', '否');
INSERT INTO `propertyvaluemodel` VALUES ('1311', '100', '64', '独轮');
INSERT INTO `propertyvaluemodel` VALUES ('1312', '100', '65', '2016年夏季');
INSERT INTO `propertyvaluemodel` VALUES ('1313', null, null, null);
INSERT INTO `propertyvaluemodel` VALUES ('1314', '101', '61', 'Ninebot');
INSERT INTO `propertyvaluemodel` VALUES ('1315', '101', '62', 'One A1');
INSERT INTO `propertyvaluemodel` VALUES ('1316', '101', '63', '否');
INSERT INTO `propertyvaluemodel` VALUES ('1317', '101', '64', '独轮');
INSERT INTO `propertyvaluemodel` VALUES ('1318', '101', '65', '2016年夏季');
INSERT INTO `propertyvaluemodel` VALUES ('1319', '102', '61', 'Ninebot');
INSERT INTO `propertyvaluemodel` VALUES ('1320', '102', '62', 'One A1');
INSERT INTO `propertyvaluemodel` VALUES ('1321', '102', '63', '否');
INSERT INTO `propertyvaluemodel` VALUES ('1322', '102', '64', '独轮');
INSERT INTO `propertyvaluemodel` VALUES ('1323', '102', '65', '2016年夏季');
INSERT INTO `propertyvaluemodel` VALUES ('1324', '103', '61', 'Ninebot');
INSERT INTO `propertyvaluemodel` VALUES ('1325', '103', '62', 'One A1');
INSERT INTO `propertyvaluemodel` VALUES ('1326', '103', '63', '否');
INSERT INTO `propertyvaluemodel` VALUES ('1327', '103', '64', '独轮');
INSERT INTO `propertyvaluemodel` VALUES ('1328', '103', '65', '2016年夏季');
INSERT INTO `propertyvaluemodel` VALUES ('1329', '104', '61', 'Ninebot');
INSERT INTO `propertyvaluemodel` VALUES ('1330', '104', '62', 'One A1');
INSERT INTO `propertyvaluemodel` VALUES ('1331', '104', '63', '否');
INSERT INTO `propertyvaluemodel` VALUES ('1332', '104', '64', '独轮');
INSERT INTO `propertyvaluemodel` VALUES ('1333', '104', '65', '2016年夏季');

-- ----------------------------
-- Table structure for reviewmodel
-- ----------------------------
DROP TABLE IF EXISTS `reviewmodel`;
CREATE TABLE `reviewmodel` (
  `id` int(11) NOT NULL AUTO_INCREMENT,
  `review` varchar(255) DEFAULT NULL,
  `username` varchar(255) DEFAULT NULL,
  `production_id` int(11) DEFAULT NULL,
  `time` datetime DEFAULT NULL,
  PRIMARY KEY (`id`)
) ENGINE=MyISAM AUTO_INCREMENT=15 DEFAULT CHARSET=utf8;

-- ----------------------------
-- Records of reviewmodel
-- ----------------------------
INSERT INTO `reviewmodel` VALUES ('1', '此用户未给予评价，默认好评', 'admin', '1', '2018-05-01 00:00:00');
INSERT INTO `reviewmodel` VALUES ('2', '此用户未给予评价，默认好评', 'admin', '1', '2018-05-21 00:00:00');
INSERT INTO `reviewmodel` VALUES ('3', '此用户未给予评价，默认好评', 'admin', '1', '2018-05-23 19:59:30');
INSERT INTO `reviewmodel` VALUES ('4', '此用户未给予评价，默认好评', 'admin', '1', '2018-05-23 19:59:39');
INSERT INTO `reviewmodel` VALUES ('5', '按時發順豐', 'admin', '1', '2018-05-23 20:01:30');
INSERT INTO `reviewmodel` VALUES ('6', '各回各家', 'admin', '1', '2018-05-23 20:09:26');
INSERT INTO `reviewmodel` VALUES ('7', '按錯VB', 'admin', '1', '2018-05-23 20:09:57');
INSERT INTO `reviewmodel` VALUES ('8', '此用户未给予评价，默认好评', 'admin', '1', '2018-05-23 20:12:53');
INSERT INTO `reviewmodel` VALUES ('9', 'nice', 'admin', '1', '2018-05-23 20:14:20');
INSERT INTO `reviewmodel` VALUES ('10', 'OJBK', 'admin', '33', '2018-05-31 20:27:50');
INSERT INTO `reviewmodel` VALUES ('11', '牛逼', 'admin', '50', '2018-05-31 20:27:50');
INSERT INTO `reviewmodel` VALUES ('12', 'LGD是不可战胜的', 'admin', '52', '2018-05-31 20:27:50');
INSERT INTO `reviewmodel` VALUES ('13', '热度OK', 'admin', '68', '2018-05-31 20:27:50');
INSERT INTO `reviewmodel` VALUES ('14', '有点不平衡', 'admin', '87', '2018-05-31 20:27:50');

-- ----------------------------
-- Table structure for typemodel
-- ----------------------------
DROP TABLE IF EXISTS `typemodel`;
CREATE TABLE `typemodel` (
  `id` int(11) NOT NULL AUTO_INCREMENT,
  `name` varchar(255) DEFAULT NULL,
  PRIMARY KEY (`id`)
) ENGINE=InnoDB AUTO_INCREMENT=6 DEFAULT CHARSET=utf8;

-- ----------------------------
-- Records of typemodel
-- ----------------------------
INSERT INTO `typemodel` VALUES ('1', '平板电视');
INSERT INTO `typemodel` VALUES ('2', '马桶');
INSERT INTO `typemodel` VALUES ('3', '沙发');
INSERT INTO `typemodel` VALUES ('4', '电热水器');
INSERT INTO `typemodel` VALUES ('5', '平衡车');

-- ----------------------------
-- Table structure for usermodel
-- ----------------------------
DROP TABLE IF EXISTS `usermodel`;
CREATE TABLE `usermodel` (
  `id` int(11) NOT NULL AUTO_INCREMENT,
  `username` varchar(255) DEFAULT NULL,
  `password` varchar(255) DEFAULT NULL,
  `nickname` varchar(255) DEFAULT NULL,
  `mail` varchar(255) DEFAULT NULL,
  PRIMARY KEY (`id`)
) ENGINE=InnoDB AUTO_INCREMENT=47 DEFAULT CHARSET=utf8;

-- ----------------------------
-- Records of usermodel
-- ----------------------------
INSERT INTO `usermodel` VALUES ('1', 'admin', 'admin', 'admin', '970877579@qq.com');
INSERT INTO `usermodel` VALUES ('2', 'a', 'qwas74186', 'a', '970877579@qq.com');
INSERT INTO `usermodel` VALUES ('44', 'smz', 'qwas74186', 'smz', '970877579@qq.com');
INSERT INTO `usermodel` VALUES ('46', 'lrh', 'qwas74186', 'lrh', '970877579@qq.com');
